zun_pagan_reformed_DESC;Zol, the Sun-God and Bringer of Harvest, embodies wisdom, power, fire and the light that brings crops to fruition. The reformed Zol faith has a Holy Book detailing things such as the creation myths and outlining church doctrine, as well as a standardized liturgy and a formal church hierarchy.;Zol, dieu-soleil et Justicier, incarne la sagesse, le pouvoir, le feu et la lumière qui vainc la nuit. La foi zuniste réformée a un livre sacré qui relate en détail les mythes de la création et la doctrine de cette Église, de même qu'une liturgie standardisée et une hiérarchie religieuse officielle.;Zol der Sonnengott und Geber der Gerechtigkeit verkörpert Weisheit, Macht, Feuer und das Licht, das die Nacht vertreibt. Die Heilige Schrift des Zol-Glaubens ist ein heiliges Buch, das den Schöpfungsmythen und die Lehren der Kirche sowie eine standardisierte Liturgie beschreibt und eine formelle Kirchenhierarchie hat.;;Zol, el Dios Sol y Dador de Justicia, encarna la sabiduría, el poder, el fuego y la luz que aleja la noche. La fe Zol reformada tiene un libro sagrado que detalla cosas tales como los mitos de la creación y marca la doctrina de la iglesia, así como una liturgia estandarizada y una jerarquía eclesiástica formal.;;;;;;;;;x
has_liege_vassal_or_neighbor_of_zun_religion_tt;Has a §YLiege§!, §YVassal§!, or a §Yneighboring ruler§! who follows the §YZolist§! faith\n;A un §Yseigneur lige§!, un §Yvassal§! ou un §Yseigneur voisin§! qui suit la foi §Yzuniste§!\n;Hat einen §YLehnsherrn§!, §YVasallen§! oder §Ybenachbarten Herrscher§!, der dem §YZunistischen§! Glauben folgt\n;;Tiene un §Yseñor§!, §Yvasallo§!, o §Ygobernante vecino§! que sigue la fe §Yzunista§!\n;;;;;;;;;x
warrior_lodge_zun_rank_1_female;Farmhand;Novice;Grünschnabel;;Novata;;;;;;;;;x
warrior_lodge_zun_rank_2_female;Farmer;Guerrière;Kriegerin;;Guerrera;;;;;;;;;x
warrior_lodge_zun_rank_3_female;Harvester;Vétérane;Veteranin;;Veterana;;;;;;;;;x
warrior_lodge_zun_rank_4_female;Bringer of Light;Héroïne;Heldin;;Heroína;;;;;;;;;x
warrior_lodge_zun_rank_1_male;Farmhand;Novice;Grünschnabel;;Novato;;;;;;;;;x
warrior_lodge_zun_rank_2_male;Farmer;Guerrier;Krieger;;Guerrero;;;;;;;;;x
warrior_lodge_zun_rank_3_male;Harvester;Vétéran;Veteran;;Veterano;;;;;;;;;x
warrior_lodge_zun_rank_4_male;Bringer of Light;Héros;Held;;Héroe;;;;;;;;;x
zun_leader;Scorcher;Fournaise;Flammengänger;;Abrasador;;;;;;;;;x
zun_leader_desc;This character works well with siege weapons and is fast on [GetHerHis] feet, easily traversing both mountain and desert.;Ce personnage maîtrise les armes de siège et est rapide, traversant facilement les montagnes et les déserts.;Dieser Charakter weiß mit Belagerungswaffen umzugehen und ist schnell auf [GetHerHis]en Füßen, wodurch er leicht bergauf und durch die Wüste kommt.;;Este personaje trabaja bien con las armas de asedio, es de movimiento rápido, recorriendo fácilmente montañas y desiertos.;;;;;;;;;x
string_zun_like;Zolist;zunistes;Zunistisch;;zunista;;;;;;;;;x
string_zun_random_like;[zun_pagan_reformed.GetName];[zun_pagan_reformed.GetName];[zun_pagan_reformed.GetName];;[zun_pagan_reformed.GetName];;;;;;;;;x
likes_zunists;[GetChinaZunist];la religion [zun_pagan.GetName];[GetChinaZunist]e Gläubige;;[GetChinaZunist];;;;;;;;;x
ALT_ZUN;The [zun_pagan_reformed.GetName] Temple;Temple [zun_pagan_reformed.GetName];Das [zun_pagan_reformed.GetName]e Pontifikat;;El pontificado [zun_pagan_reformed.GetName];;;;;;;;;x
ALT_ZUN_ADJ;[zun_pagan_reformed.GetName] Temple;Temple [zun_pagan_reformed.GetName];[zun_pagan_reformed.GetName]e Tempel;;temple[zun_pagan_reformed.GetName];;;;;;;;;x
string_reformed_religion_zunist; the [Root.Religion.GetName] faith has developed an official holy text describing all the proper ways to worship [Root.Religion.GetHighGodName] and counteract the arguments of infidel preachers and missionaries.; la foi [Root.Religion.GetName] a développé un texte sacré officiel décrivant toutes les bonnes manières d'adorer [Root.Get_le_HighGod] et contrecarrer les arguments des prédicateurs infidèles et des missionnaires.; hat der [Root.Religion.GetName]e Glaube eine offizielle heilige Schrift entwickelt, die alle richtigen Wege beschreibt, wie [Root.Religion.GetHighGodName] anzubeten ist, um so den Argumenten ungläubiger Prediger und Missionare entgegenzuwirken.;; el credo [Root.Religion.GetName] ha desarrollado un texto sagrado oficial describiendo el modo correcto de adorar a [Root.Religion.GetHighGodName] y contrarrestar los argumentos de los predicadores y misioneros infieles.;;;;;;;;x
religion_feature_zun_feature;Polygamy and holy close-kin marriages are allowed;La polygamie et les mariages entre proches parents sont autorisés;Polygamie und heilige Ehen mit nahen Verwandten sind erlaubt;;Se permiten la poligamia y los matrimonios sagrados de parientes cercanos;;;;;;;;;x
crown_zun_fylkir;Zolar Crown;Couronne solaire;Sonnenkrone;;Corona solar;;;;;;;;x
crown_zun_fylkir_desc;The sacred crown worn by the Zol-King.;La couronne sacrée portée par le Roi-Soleil.;Die heilige Krone des Sonnenkönigs.;;La corona sagrada que lleva el Rey Sol.;;;;;;;;x
warrior_lodge_zun_battle_trance;Enter Battle Trance;Entrer dans une transe de bataille;In Kampfekstase verfallen;;Entrar en trance de combate.;;;;;;;;;x
warrior_lodge_zun_battle_trance_desc;With the help of [Root.Society.GetName] and their mystics, you can achieve an otherworldly level of strength and clarity of intent, for a short period of time.;Avec l'aide [Root.Get_du_Society] et de leurs mystiques, vous pouvez atteindre un niveau de force et de clarté d'intention d'un autre monde pendant une courte période de temps.;Mit der Hilfe von [Root.Society.GetName] und ihrer Mystiker könnt Ihr für kurze Zeit überirdische Stärke und Klarheit erreichen.;;Con la ayuda de [Root.Society.GetName] y sus místicos, puedes conseguir un nivel de fuerza y una claridad de propósito sobrenatural durante un corto periodo de tiempo.;;;;;;;;;x
warrior_lodge_zun_battle_trance_power_desc;Enables a decision in the §YIntrigue§! menu for §Y[zun_pagan.GetName]§! rulers to enter a battle trance for a limited time, increasing their military skills.;Permet aux dirigeants de foi §Y[zun_pagan.GetName]§! d'entrer dans une transe de bataille qui augmente leurs capacités militaires pendant un temps limité.\n(Décision dans le menu '§YIntrigue§!') ;Aktiviert im §YIntrigen§!-Menü eine Entscheidung, mit der §Y[zun_pagan.GetName]e§! Herrscher für begrenzte Zeit in Kampfekstase verfallen können.;;Activa una decisión en el menú de §Yintriga§! para que los gobernantes §Y[zun_pagan.GetName]s§! puedan entrar en trance de combate, aumentando sus habilidades militares.;;;;;;;;;x
tooltip_zun_battle_trance_cooldown;Has NOT recently entered a Battle Trance;N'est pas récemment entré dans une transe de bataille;Ist NICHT kürzlich bereits in Kampfekstase verfallen;;NO ha entrado en trace de combate recientemente;;;;;;;;;x
tooltip_zun_battle_trance;Augment your §YMilitary§! skills for a limited amount of time, at the cost of your §YHealth§!.;Augmente vos compétences §Ymilitaires§! pendant un temps limité, au détriment de votre §Ysanté§!.;Erweitert für begrenzte Zeit Eure §YMilitärfähigkeiten§! auf Kosten Eurer §YGesundheit§!.;;Aumenta tus habilidades §Ymilitares§! durante un periodo limitado de tiempo a costa de tu §Ysalud§!.;;;;;;;;;x
lodge_zun_battle_trance_1;Battle Trance: Relentless;Transe de bataille : implacable;Kampfekstase: Gnadenlos;;Trance de combate: incansable;;;;;;;;;x
lodge_zun_battle_trance_1_desc;This character has made use of the ancient mystical knowledge of the Sun-worshipers to temporarily increase [Root.GetHerHis] military prowess.;Ce personnage a utilisé la connaissance mystique ancestrale des adorateurs du soleil pour augmenter temporairement ses prouesses militaires.;Dieser Charakter hat die Weisheiten der alten mystischen Sonnenanbeter genutzt, um [Root.GetHerHis]e militärische Stärke vorübergehend zu erhöhen.;;Este personaje ha utilizado los conocimientos místicos antiguos de los adoradores de sol para aumentar temporalmente su destreza militar.;;;;;;;;;x
lodge_zun_battle_trance_2;Battle Trance: Indomitable;Transe de bataille : indomptable;Kampfekstase: Unbeugsam;;Trance de combate: indomable.;;;;;;;;;x
lodge_zun_battle_trance_2_desc;This character has made use of the ancient mystical knowledge of the Sun-worshipers to temporarily increase [Root.GetHerHis] military prowess.;Ce personnage a utilisé la connaissance mystique ancestrale des adorateurs du soleil pour augmenter temporairement ses prouesses militaires.;Dieser Charakter hat die Weisheiten der alten mystischen Sonnenanbeter genutzt, um [Root.GetHerHis]e militärische Stärke vorübergehend zu erhöhen.;;Este personaje ha utilizado los conocimientos místicos antiguos de los adoradores de sol para aumentar temporalmente su destreza militar.;;;;;;;;;x
lodge_zun_battle_trance_3;Battle Trance: Inspiring;Transe de bataille : inspirante;Kampfekstase: Inspirierend;;Trance de combate: inspirador;;;;;;;;;x
lodge_zun_battle_trance_3_desc;This character has made use of the ancient mystical knowledge of the Sun-worshipers to temporarily increase [Root.GetHerHis] military prowess.;Ce personnage a utilisé la connaissance mystique ancestrale des adorateurs du soleil pour augmenter temporairement ses prouesses militaires.;Dieser Charakter hat die Weisheiten der alten mystischen Sonnenanbeter genutzt, um [Root.GetHerHis]e militärische Stärke vorübergehend zu erhöhen.;;Este personaje ha utilizado los conocimientos místicos antiguos de los adoradores de sol para aumentar temporalmente su destreza militar.;;;;;;;;;x
secretly_zun_pagan;Secretly Zol Pagan;Secrètement de foi zuniste;Heimlicher Zol-Heide;;Zunista en secreto;;;;;;;;;x
secretly_zun_pagan_desc;This character practices Zol Paganism in secret.;Ce personnage pratique le paganisme zuniste en secret.;Diese Person übt den Zol-Paganismus nur im Geheimen aus.;;Este personaje practica el zunismo en secreto.;;;;;;;;;x
secretly_zun_pagan_reformed;Secretly Reformed Zol Pagan;Secrètement de foi zuniste réformée;Heimlicher reformierter Zol-Heide;;Zunista reformado en secreto;;;;;;;;;x
secretly_zun_pagan_reformed_desc;This character practices Zol Paganism in secret.;Ce personnage pratique le paganisme zuniste réformé en secret.;Diese Person übt den Zol-Paganismus nur im Geheimen aus.;;Este personaje practica el zunismo en secreto.;;;;;;;;;x
String_Zuns_blessings;Zil's blessings;Que Zol vous bénisse;Zuns Segen;;Bendiciones de Zol;;;;;;;;;x
String_May_Zun_illuminate_your_path;May Zol illuminate your path;Puisse Zol éclairer votre chemin;Möge Zol Euch den Weg weisen;;Que Zol ilumine tu camino;;;;;;;;;x
String_Zun;Zol;zuniste;Zol;;zunista;;;;;;;;;x
secret_religious_society_REAL_zun_pagan;The Flames of Zol;Flammes de Zol;die Flammen von Zol;;las llamas de Zol;;;;;;;;;x
secret_religious_society_REAL_zun_pagan_reformed;Zol's Living Fire;Feu Vivant de Zol;Lebendes Feuer von Zol;;el fuego viviente de Zol;;;;;;;;;x
secret_religious_society_zun_pagan_reformed_desc_REAL;The secret followers of Zol have little need for foreign faiths. The answer to every theological challenge and every moment of doubt is right in the sky above them, every day, without fail. It is what brings life and hope, deserving of every prostration. Just as Zol never fails to bring warmth to the earth and drive the night away, his followers will rise on the other side of their own long night.;Les fidèles secrets de Zol ont peu besoin de croyances étrangères. La réponse à chaque défi théologique et chaque moment de doute est juste dans le ciel au-dessus d'eux, chaque jour, sans faute. C'est ce qui apporte la vie et l'espoir, méritant de toute prostration. Tout comme Zol ne manque jamais d'apporter la chaleur à la terre et de chasser la nuit, ses fidèles se lèveront après leur longue nuit.;Die heimlichen Anhänger von Zol haben nur wenig Bedarf an fremden Religionen. Die Antwort auf jede theologische Herausforderung und jeden Augenblick des Zweifels steht jeden Tag und ohne jemals auszubleiben am Himmel über ihren Köpfen selbst geschrieben. Das ist es, was Leben und Hoffnung bringt und wofür sich jede Niederwerfung lohnt. Genau so, wie Zol immer wieder aufs Neue der Erde Wärme bringt und die Nacht vertreibt, erheben sich auch seine Anhänger auf der anderen Seite ihrer eigenen langen Nacht wieder.;;Los seguidores secretos de Zol no necesitan ninguna otra fe. La respuesta a toda cuestión teológica y a todo momento de duda se encuentra justo en el cielo que los cubre, cada día, sin falta. Es lo que les otorga la vida y la esperanza, merecedor de la postración de todos. Al igual que Zol nunca falla a la hora de repartir calor y ahuyentar la oscuridad, sus seguidores se alzarán al otro lado de su propia larga noche.;;;;;;;;;x
secret_religious_society_zun_pagan_desc_REAL;The secret followers of Zol have little need for foreign faiths. The answer to every theological challenge and every moment of doubt is right in the sky above them, every day, without fail. It is what brings life and hope, deserving of every prostration. Just as Zol never fails to bring warmth to the earth and drive the night away, his followers will rise on the other side of their own long night.;Les fidèles secrets de Zol ont peu besoin de croyances étrangères. La réponse à chaque défi théologique et chaque moment de doute est juste dans le ciel au-dessus d'eux, chaque jour, sans faute. C'est ce qui apporte la vie et l'espoir, méritant de toute prostration. Tout comme Zol ne manque jamais d'apporter la chaleur à la terre et de chasser la nuit, ses fidèles se lèveront après leur longue nuit.;Die heimlichen Anhänger von Zol haben nur wenig Bedarf an fremden Religionen. Die Antwort auf jede theologische Herausforderung und jeden Augenblick des Zweifels steht jeden Tag und ohne jemals auszubleiben am Himmel über ihren Köpfen selbst geschrieben. Das ist es, was Leben und Hoffnung bringt und wofür sich jede Niederwerfung lohnt. Genau so, wie Zol immer wieder aufs Neue der Erde Wärme bringt und die Nacht vertreibt, erheben sich auch seine Anhänger auf der anderen Seite ihrer eigenen langen Nacht wieder.;;Los seguidores secretos de Zol no necesitan ninguna otra fe. La respuesta a toda cuestión teológica y a todo momento de duda se encuentra justo en el cielo que los cubre, cada día, sin falta. Es lo que les otorga la vida y la esperanza, merecedor de la postración de todos. Al igual que Zol nunca falla a la hora de repartir calor y ahuyentar la oscuridad, sus seguidores se alzarán al otro lado de su propia larga noche.;;;;;;;;;x
secret_religious_society_zun_pagan_reformed_rank_1_female;Faithful;Fidèle;Getreue;;Fiel;;;;;;;;;x
secret_religious_society_zun_pagan_reformed_rank_2_female;Adherent;Adhérente;Anhängerin;;Seguidora;;;;;;;;;x
secret_religious_society_zun_pagan_reformed_rank_3_female;Preacher;Prêcheuse;Predigerin;;Predicadora;;;;;;;;;x
secret_religious_society_zun_pagan_reformed_rank_4_female;Herald;Messagère;Herold;;Mensajera;;;;;;;;;x
secret_religious_society_zun_pagan_reformed_rank_1_male;Faithful;Fidèle;Getreuer;;Fiel;;;;;;;;;x
secret_religious_society_zun_pagan_reformed_rank_2_male;Adherent;Adhérent;Anhänger;;Seguidor;;;;;;;;;x
secret_religious_society_zun_pagan_reformed_rank_3_male;Preacher;Prêcheur;Prediger;;Predicador;;;;;;;;;x
secret_religious_society_zun_pagan_reformed_rank_4_male;Herald;Messager;Herold;;Mensajero;;;;;;;;;x
secret_religious_society_zun_pagan_rank_1_female;Faithful;Fidèle;Gläubige;;Fiel;;;;;;;;;x
secret_religious_society_zun_pagan_rank_2_female;Adherent;Adhérente;Anhängerin;;Seguidora;;;;;;;;;x
secret_religious_society_zun_pagan_rank_3_female;Preacher;Prêcheuse;Predigerin;;Predicadora;;;;;;;;;x
secret_religious_society_zun_pagan_rank_4_female;Herald;Messagère;Heroldin;;Mensajera;;;;;;;;;x
secret_religious_society_zun_pagan_rank_1_male;Faithful;Fidèle;Gläubiger;;Fiel;;;;;;;;;x
secret_religious_society_zun_pagan_rank_2_male;Adherent;Adhérent;Anhänger;;Seguidor;;;;;;;;;x
secret_religious_society_zun_pagan_rank_3_male;Preacher;Prêcheur;Prediger;;Predicador;;;;;;;;;x
secret_religious_society_zun_pagan_rank_4_male;Herald;Messager;Herold;;Mensajero;;;;;;;;;x
GOD_ZUN;Zol;Zol;Zol;;Zol;;;;;;;;;x
GOD_THE_SUN;the Sun;le Soleil;die Sonne;;el Sol;;;;;;;;;x
GOD_THE_GIVER_OF_JUSTICE;the Bringer of Harvest;le Justicier;den Geber der Gerechtigkeit;;el que Imparte Justicia;;;;;;;;;x
THE_DARKNESS;the Darkness;les Téncbres;Die Dunkelheit;;la Oscuridad;;;;;;;;;x
d_zun_warriors;Knights of the Sun;Chevaliers du Soleil;Ritter der Sonne;;Caballeros del Sol;;;;;;;;;x
d_zun_warriors_adj;Zol;zun;Zol;;Zol;;;;;;;;;x
job_spiritual_zun_pagan;Diviner;Devin;Wahrsager;;Adivino;;;;;;;;;x
job_spiritual_zun_pagan_reformed;Diviner;Devin;Wahrsager;;Adivino;;;;;;;;;x
zun_pagan;Zolist;zuniste;Zolist;;Zunista;;;;;;;;;x
zun_pagan_reformed;Church of Zol;zuniste;Zol-Kirche;;Iglesia de Zol;;;;;;;;;x
zun_pagan_reformed_adj;Zolist;zuniste;Zolist;;Zunista;;;;;;;;;x
zun_pagan_DESC;Zol, the Bringer of Harvest, is the sun-god originally worshipped by the Zunbil dynasty in Afghanistan. Zol embodies wisdom, power, fire and the light that drives away the night. Defining features in-game:\n§Y*§! Can declare Subjugation Wars against all other pagans\n§Y*§! Inferior at conversion and vulnerable to non-pagan missionaries;Zol, le Justicier, est le dieu-soleil qui était r l'origine vénéré par la dynastie Zunbil, en Afghansistan. Zol incarne la sagesse, le pouvoir, le feu et la lumicre qui vainc la nuit. Caractéristiques en jeu :\n§Y*§! Peut déclarer des guerres d'assujettissement contre toutes les religions padennes\n§Y*§! Inférieure en conversion et vulnérables aux missionnaires non-padens;Zol, der Geber der Gerechtigkeit, ist der ursprünglich von der Zunbil-Dynastie in Afghanistan verehrte Gott. Zol verkörpert Weisheit, Macht, Feuer und das Licht, das die Nacht vertreibt. Besondere Merkmale im Spiel:\n§Y*§! Kann gegen alle anderen Heiden Unterwerfungskriege erklären\n§Y*§! Schwach bei Bekehrungen und anfällig für nicht-heidnische Missionare;;Zol, el que Imparte Justicia, es el rey-sol originariamente adorado por la dinastía Zunbil en Afganistán. Zol representa sabiduría, poder, fuego y la luz que conduce a través de la oscuridad. Definiendo características en juego:\n§Y*§! Puedes declarar Guerras de Subyugación contra otros paganos\n§Y*§! Inferior en conversión y vulnerable a los misioneros no paganos.;;;;;;;;;x
d_zun_pagan_reformed;The Church of Zol;Église de Zol;Die Zol-Kirche;;La Iglesia de Zol;;;;;;;;;x
EVTDESC_CM_4000;A new holy order has been founded for the defense and preservation of the reformed and expanding Zolist religion. They call themselves 'Knights of the Sun' and are sworn to stand steadfast in battle, protect the faithful and help spread the light of Zol the Justice-Giver to new lands. Many young warriors are already flocking to their golden standard.;Un nouvel ordre saint a été fondé afin de défendre et préserver la religion zuniste en pleine expansion. Ils se nomment les 'Chevaliers du Soleil' et ont juré de ne jamais fléchir durant une bataille, de protéger les croyants et de la répandre la lumicre de Zol le Justicier sur de nouveaux territoires. De nombreux jeunes guerriers adhcrent r ces rcgles d'or.;Ein neuer heiliger Orden zum Schutz und zur Bewahrung der erneuerten und wachsenden zunistischen Religion ist gegründet worden. Sie nennen sich die "Ritter der Sonne" und haben einen Eid abgelegt, fest im Kampf zu stehen, die Gläubigen zu beschützen und das Licht Zuns, des Gebers der Gerechtigkeit, in neue Lande zu verbreiten. Viele junge Krieger scharen sich schon um ihr goldenes Banner.;;Se ha fundado una nueva orden sagrada para la defensa y la preservación de la reformada y expansiva religión Zunita. Se autodenominan "Los Caballeros del Sol" y han jurado mantenerse inamovibles en batalla, proteger la fe y extender la gracia de Zol, el que Imparte Justicia, a nuevas tierras. Multitud de jóvenes guerreros acuden en masa junto a su dorado estandarte.;;;;;;;;;x
hold_zun_feast;Hold Harvest Festival;Organiser la fete du Soleil;Feiert ein Fest der Sonne;;Mantener el Festival del Sol;;;;;;;;;x
hold_zun_feast_desc;Hold a Harvest Festival with your vassals and courtiers, celebrating the summer solstice and paying homage to Zol, the Bringer of Harvest and Bringer of Harvest.;Organiser une fete du Soleil avec vos vassaux et vos courtisans, afin de célébrer le solstice d'été et d'honorer Zol, celui qui donne la Lumicre et la Justice.;Haltet mit Euren Vasallen und Höflingen ein Fest der Sonne ab, bei dem die Sommersonnenwende gefeiert und Zol, dem Bringer des Lichts, und der Gerechtigkeit gehuldigt wird.;;Mantener un Festival del Sol con tus vasallos y cortesanos, celebrando el solsticio de verano y rendir homenaje a Zol, el que Imparte Luz y Justicia.;;;;;;;;;x
holding_zun_feast;Holding Harvest Festival;Organiser le festival du Soleil;Das Fest der Sonne wird gefeiert;;Manteniendo el Festival del Sol;;;;;;;;;x
EVTDESC_CM_4100;You have begun preparations for the Harvest Festival. You send out messengers with invitations to your vassals, expecting all to come and honor [Root.Religion.GetRandomGodName].;Vous avez entrepris les préparatifs du festival du Soleil. Vous envoyez les invitations r vos vassaux, espérant qu'ils viennent tous afin d'honorer [Root.Get_le_HighGod].;Ihr habt mit den Vorbereitungen zum Fest der Sonne begonnen. Ihr schickt Boten mit Einladungen an Eure Vasallen und erwartetet, dass alle kommen, um [Root.Religion.GetRandomGodName] zu ehren.;;Has empezado los preparativos para el Festival del Sol. Envías mensajeros con invitaciones para tus vasallos, esperas que todos vengan y honren a [Root.Religion.GetRandomGodName].;;;;;;;;;x
EVTOPTA_CM_4100;Come all to celebrate His Light!;Venez célébrer Sa Lumicre !;Kommt alle, um Sein Licht zu feiern!;;?Vayamos todos a celebrar Su Luz!;;;;;;;;;x
EVTDESC_CM_4101;Dear vassal,\nI hereby invite you to attend the celebration of the Harvest Festival at [From.Capital.GetName].\n\nYour Liege,\n[From.GetTitledName];M[Root.GetOnA] ch[Root.GetErEre] vassal[Root.Get_E],\nJe vous invite r venir célébrer le festival du Soleil r [From.Capital.GetName].\n\nVotre [From.GetLordLady] lige,\n[From.GetTitledName];Verehrter Vasall,\nhiermit lade ich Euch zur Feier des Fests der Sonne [From.Capital.GetName] ein.\n\nEuer Lehnsherr\n[From.GetTitledName];;Querido vasallo,\nI por la presente te invito a asistir a la celebración del Festival del Sol en [From.Capital.GetName].\n\nTu Senor Feudal,\n[From.GetTitledName];;;;;;;;;x
EVTOPTA_CM_4101;I look forward to it!;J'attends cela avec impatience !;Ich freue mich darauf!;;?Estoy impaciente!;;;;;;;;;x
EVTDESC_CM_4102;Your vassal, [From.GetTitledName], has refused your invitation to the Harvest Festival.;[From.Get_Le_TitledName], votre vassal[From.Get_E], a refusé votre invitation au festival du Soleil.;Euer Vasall [From.GetTitledName] hat Eure Einladung zum Fest der Sonne abgelehnt.;;Vuestro vasallo, [From.GetTitledName], ha rechazado vuestra invitación para el Festival del Sol.;;;;;;;;;x
EVTDESC_CM_4120;The Harvest Festival is about to start, and in accordance with tradition, the festivities begin on a sunny morning. Large crowds have gathered around, and priests walk among them distributing blessings in the name of [Root.Religion.GetRandomGodName].;La fete du Soleil commence bientôt et, selon la tradition, les festivités doivent commencer par un matin ensoleillé. Des foules se sont assemblées et des pretres les rencontrent, distribuant des bénédictions au nom [Root.Get_du_HighGod].;Das Fest der Sonne soll gleich beginnen und gemäß der Tradition nehmen die Festlichkeiten an einem sonnigen Morgen ihren Anfang. Viele Menschen haben sich versammelt und die Priester gehen herum und spenden den Segen im Namen von [Root.Religion.GetRandomGodName].;;El Festival del Sol está a punto de empezar, y de acuerdo con la tradición, los festejos empiezan una manana soleada. Se han concentrado grandes multitudes en los alrededores y los sacerdotes caminan entre la gente repartiendo bendiciones en el nombre de [Root.Religion.GetRandomGodName].;;;;;;;;;x
EVTOPTA_CM_4120;Praise [Root.Religion.GetRandomGodName]!;Louons [Root.Religion.GetRandomGodName] !;Gepriesen sei [Root.Religion.GetRandomGodName]!;;?Alabar a [Root.Religion.GetRandomGodName]!;;;;;;;;;x
EVTDESC_CM_4196;The Harvest Festival is over for this time. [Root.Religion.GetRandomGodName] has been properly honored and the realm is looking forward to a bright future under His blinding gaze.;La fete du Soleil est terminé. [Root.Get_le_HighGod] a été honoré comme il se doit et le royaume est empreint d'espoir d'un futur meilleur sous Son regard brillant.;Das diesjährige Fest der Sonne ist vorbei. [Root.Religion.GetRandomGodName] ist gebührend geehrt worden und das Reich freut sich auf eine glänzende Zukunft unter Seinem blendenden Blick.;;Se ha terminado El Festival del Sol de esta edición. [Root.Religion.GetRandomGodName] ha sido honrado como es debido y el reino está deleitoso de un brillante futuro bajo Su mirada cegadora.;;;;;;;;;x
EVTOPTA_CM_4196;Until next time!;R la prochaine fois !;Bis zum nächsten Mal!;;?Hasta la próxima!;;;;;;;;;x
EVTTITLE_CM_4130;Walking Under the Sun;Promenade au Soleil;Unter der Sonne schreiten;;Caminando Bajo el Sol;;;;;;;;;x
EVTDESC_CM_4130;The time has come for one of the main events of the Harvest Festival - the ceremony known as Walking Under the Sun. A sunny day is chosen, and on it Zol's faithful walk barefoot around the circumference of the temple ninety-nine times, all the while chanting pious rhymes. It is a ritual of physical and spiritual cleansing, as well as a tribute to the Radiant Lord Zol.\n\nIt is known both for inspiring great piety and for causing great physical and mental exertion.;Le temps est venu de faire l'un des principaux évcnements du festival du Soleil, une cérémonie qu'on appelle la Promenade au Soleil. On choisit une journée ensoleillée et les fidcs de Zol marchent pieds nus quatre-vingt-dix-neuf fois autour du temple, en chantant des vers pieux. C'est un rituel qui purifie le corps et l'esprit, de meme qu'un hommage au Radieux Seigneur Zol.\n\nCe rituel apporte une grande piété et demande beaucoup d'efforts physiques et mentaux.;Es ist Zeit für einen der Höhepunkte des Festes der Sonne - die Zeremonie des Schreitens im Schein der Sonne. Ein sonniger Tag wird gewählt, an dem Zuns treue Gläubige barfuß und fromme Verse singend neunundneunzig Mal den Tempel umschreiten. Es ist ein Ritual zur körperlichen und seelischen Reinigung ebenso wie ein Tribut an Zol, den Strahlenden Herrn.\n\nEs ist berühmt für seine inspirierende große Frömmigkeit ebenso wie für die gewaltige körperliche und seelische Kraftanstrengung.;;Ha llegado el momento de uno de los principales eventos del Festival del Sol – la ceremonia conocida como Caminando Bajo el Sol. Se escoge un día soleado y entonces los creyentes de Zol caminan descalzos noventa y nueve veces alrededor de la circunferencia del templo, todo ello recitando versos píos. Es un ritual de limpieza física y espiritual, así como un tributo al Radiante Senor Zol\n\nEsto es conocido tanto por inspirar una gran devoción como por exigir un gran esfuerzo físico y mental.;;;;;;;;;x
EVTOPTA_CM_4130;Together we shall walk in His light!;Marchons ensemble dans Sa Lumicre !;Gemeinsam schreiten wir in Seinem Licht!;;?Caminaremos juntos bajo Su luz!;;;;;;;;;x
EVTDESC_CM_4131;You walk for hours in the sun to honor [Root.Religion.GetRandomGodName]. On the seventy-third lap around the temple, you start to feel a weakness and pain in your legs. You try to move forwards but your head is pounding and you struggle for breath. As you fall to your knees, you start to vomit on the ground.;Vous marchez au soleil durant des heures pour honorer [Root.Get_le_HighGod]. Au soixante-dix-septicme tour autour du temple, vous commencez r ressentir une douleur et une faiblesse dans vos jambes. Vous essayez d'avancer mais votre tete vous fait mal et vous cherchez votre souffle. Alors que vous tombez r genoux, vous vomissez sur le sol.;Stundenlang schreitet Ihr zu Ehren von [Root.Religion.GetRandomGodName] durch die pralle Sonne. Auf dem dreiundsiebzigsten Umgang werden Eure schmerzenden Beine schwach. Ihr wollt weitergehen, doch in Eurem Kopf pocht es und Ihr leidet unter Atemnot. Ihr fallt auf die Knie und müsst Euch übergeben.;;Caminas durante horas bajo el sol para honrar a [Root.Religion.GetRandomGodName]. En la vuelta setenta y tres alrededor del templo, te han comenzado a flaquear las fuerzas y sientes dolor en tus piernas. Tratas de seguir adelante pero te palpita la cabeza y luchas por respirar. Mientras caes sobre tus rodillas, empiezas a vomitar.;;;;;;;;;x
EVTOPTA_CM_4131;Aaagh!;Aaagh !;Aaagh!;;?Aaaah!;;;;;;;;;x
EVTDESC_CM_4133;You walk for hours in the sun to honor [Root.Religion.GetRandomGodName]. As your limbs grow more tired and the heat pulses through your brain, you start to see new and clearer perspectives on some things that previously seemed too mysterious to fathom. The sun is just a large cheese and the moon speaks soothing words about your feet. Oh those feet, how they bother you. Maybe you should cut them off?;Vous marchez au soleil durant des heures pour honorer [Root.Get_le_HighGod]. Alors que vos membres sont de plus en plus fatigués et que la chaleur vous donne des vertiges, vous commencez r voir les choses sous un autre angle et comprenez certains mystcres. Le soleil n'est qu'un gros fromage et la lune tient un discours apaisant sur vos pieds. Ah ces pieds, qu'ils sont dérangeants. Nous pourrions peut-etre les couper ?;Ihr marschiert zu Ehren von [Root.Religion.GetRandomGodName] stundenlang durch die glühende Sonne. Als Eure Glieder ermüden und die Hitze durch Euer Gehirn pulsiert, ergibt sich nach und nach eine neue, klarere Sicht auf Dinge, die zuvor zu mysteriös erschienen, um sie zu ergründen. Die Sonne ist bloß ein riesiger Käse und der Mond spendet tröstende Worte über Eure Füße. Ach diese Füße, sie sind nur noch eine Last. Solltet Ihr sie vielleicht abhacken?;;Caminas durante horas bajo el sol para honrar a [Root.Religion.GetRandomGodName]. A medida que crece el cansancio en tus extremidades y el calor palpita en tu cerebro, empiezas a ver desde nuevos y más reveladores puntos de vista algunas cosas que antes te parecían demasiado misteriosas y no comprendías. El sol no es más que un enorme queso y la luna pronuncia palabras reconfortantes sobre tus pies. Oh, esos pies, como te molestan. ?Deberías cortártelos, quizás?;;;;;;;;;x
EVTOPTA_CM_4133;Behold my illumination!;Contemplez mon illumination !;Seht meine Erleuchtung!;;?Contemplar mi iluminación!;;;;;;;;;x
EVTDESC_CM_4135;You walk for hours in the sun to honor [Root.Religion.GetRandomGodName]. As your limbs grow more tired and the heat pulses through your brain, you start to feel a strange presence entering your mind. Yes, yes... the little devils that dwell underground in darkness have come to you and are sitting on your shoulder, invisible, telling you strange secrets!;Vous marchez au soleil durant des heures pour honorer [Root.Get_le_HighGod]. Alors que vos membres sont de plus en plus fatigués et que la chaleur vous donne des vertiges, vous commencez r sentir une étrange présence qui pénctre votre esprit. Oui, oui... ces petits démons qui habitent la noirceur souterraine sont assis sur votre épaule, invisibles et vous disant d'étranges secrets !;Ihr marschiert zu Ehren von [Root.Religion.GetRandomGodName] stundenlang durch die glühende Sonne. Als Eure Glieder ermüden und die Hitze durch Euer Gehirn pulsiert, ergreift auf einmal etwas Seltsames von Euch Besitz. Ja, wirklich ... die kleinen Teufel aus der finsteren Unterwelt sitzen auf Eurer Schulter, unsichtbar und flüstern Euch merkwürdige Geheimnisse zu.;;Caminas durante horas bajo el sol para honrar a [Root.Religion.GetRandomGodName]. A medida que crece el cansancio en tus extremidades y el calor palpita en tu cerebro, empiezas a sentir una extrana presencia penetrando en tu mente. Sí, sí... los pequenos demonios que habitan entre tinieblas bajo tierra, han venido y están sentados en tus hombros, invisibles, ?explicándote extranos secretos!;;;;;;;;;x
EVTOPTA_CM_4135;Now everything will be different!;Tout sera si différent dorénavant !;Jetzt wird alles anders!;;?Ahora todo será diferente!;;;;;;;;;x
EVTDESC_CM_4137;You walk for hours in the sun to honor [Root.Religion.GetRandomGodName]. As your limbs grow more tired and the heat pulses through your brain, you turn your face upwards towards the Sun. You feel the light and warmth coarse through your mind and body, and shudder with excitement. Only now have you fully understood!;Vous marchez au soleil durant des heures pour honorer [Root.Get_le_HighGod]. Alors que vos membres sont de plus en plus fatigués et que la chaleur vous donne des vertiges, vous tournez votre visage vers le Soleil. Vous sentez la lumicre et une chaleur crue envahir votre esprit et votre corps. Vous frémissez d'excitation. Vous avez enfin tout compris !;Ihr marschiert zu Ehren von [Root.Religion.GetRandomGodName] stundenlang durch die glühende Sonne. Als Eure Glieder ermüden und die Hitze durch Euer Gehirn pulsiert, wendet Ihr Euer Antlitz der Sonne zu. Ihr spürt, wie Licht und Wärme durch Körper und Seele fahren und Ihr zittert vor Erregung. Endlich habt Ihr alles begriffen!;;Durante horas has caminado bajo el sol para honrar a [Root.Religion.GetRandomGodName]. A medida que crece el cansancio en tus extremidades y el calor palpita en tu cerebro, giras el rostro hacia el Sol. Sientes la luz y el intenso calor a través de tu mente y tu cuerpo, y te estremeces agitadamente. ?Sólo ahora comprendes plenamente!;;;;;;;;;x
EVTOPTA_CM_4137;Praise His sacred light!;Gloire r Sa lumicre sacrée !;Gepriesen sei Sein Heiliges Licht!;;?Alabar Su luz sagrada!;;;;;;;;;x
EVTDESC_CM_4139;You walk for hours in the sun to honor [Root.Religion.GetRandomGodName]. As your limbs grow more tired and the heat pulses through your brain, you press on. You feel this ordeal is hardening you and giving you new strength. Perhaps you should take to doing similar exercises more frequently once the festival is over?;Vous marchez au soleil durant des heures pour honorer [Root.Get_le_HighGod]. Alors que vos membres sont de plus en plus fatigués et que la chaleur vous donne des vertiges, vous pressez le pas. Vous sentez que cette épreuve vous rend plus fort. Vous devriez peut-etre faire des exercices semblables plus souvent aprcs la fete ?;Ihr marschiert zu Ehren von [Root.Religion.GetRandomGodName] stundenlang durch die glühende Sonne. Als Eure Glieder ermüden und die Hitze durch Euer Gehirn pulsiert, schreitet Ihr weiter voran. Ihr spürt, wie diese Prüfung Euch festigt und Euch neue Kraft gibt. Vielleicht solltet Ihr solche Übungen öfter auf Euch nehmen, auch wenn das Fest vorbei ist?;;Caminas durante horas bajo el sol para honrar a [Root.Religion.GetRandomGodName]. A medida que crece el cansancio en tus extremidades y el calor palpita en tu cerebro, tú sigues adelante sin desfallecer. Sientes que este sacrificio te está fortaleciendo y que te da fuerzas renovadas. zDeberías considerar hacer ejercicios de este tipo más frecuentemente una vez finalice el festival? ;;;;;;;;;x
EVTOPTA_CM_4139;This is making me strong!;La force est avec moi !;Dies macht mich stark!;;?Esto me fortalece!;;;;;;;;;x
EVTDESC_CM_4141;You walk for hours in the sun to honor [Root.Religion.GetRandomGodName]. As your limbs grow more tired and the heat pulses through your brain, your mind wanders and you start to see new perspectives and angles on some familiar problems. Perhaps you should start thinking outside your usual patterns?;Vous marchez au soleil durant des heures pour honorer [Root.Get_le_HighGod]. Alors que vos membres sont de plus en plus fatigués et que la chaleur vous donne des vertiges, votre esprit erre et vous voyez vos problcmes sous de nouveaux angles. Vous devriez peut-etre penser différemment ?;Ihr marschiert zu Ehren von [Root.Religion.GetRandomGodName] stundenlang durch die glühende Sonne. Als Eure Glieder ermüden und die Hitze durch Euer Gehirn pulsiert, wandern Eure Gedanken und nach und nach ergeben sich neue Sichtweisen auf alte Probleme. Vielleicht sollten Eure Gedanken mal die üblichen Muster verlassen?;;Caminas durante horas bajo el sol para honrar a [Root.Religion.GetRandomGodName]. A medida que crece el cansancio en tus extremidades y el calor palpita en tu cerebro, tu mente deambula y empiezas a ver desde nuevas perspectivas algunos problemas familiares. zQuizás deberías empezar a mirar los problemas desde otros puntos de vista?;;;;;;;;;x
EVTOPTA_CM_4141;Hmm...;Hmm...;Hmm ...;;Mmm...;;;;;;;;;x
EVTDESC_CM_4143;You walk for hours in the sun to honor [Root.Religion.GetRandomGodName]. As your limbs grow more tired and the heat pulses through your brain, you turn your face upwards towards the Sun. As you feel His strong warmth and presence embrace you, you open your eyes and stare into His face to embrace the divine mysteries to be seen therein. You stare for a long while...;Vous marchez au soleil durant des heures pour honorer [Root.Get_le_HighGod]. Alors que vos membres sont de plus en plus fatigués et que la chaleur vous donne des vertiges, vous tournez votre visage vers le Soleil. Alors que vous vous sentez bercé par Sa forte et chaude présence, vous ouvrez les yeux et Le dévisagez pour percer Ses mystcres. Vous restez ainsi longtemps...;Ihr marschiert zu Ehren von [Root.Religion.GetRandomGodName] stundenlang durch die glühende Sonne. Als Eure Glieder ermüden und die Hitze durch Euer Gehirn pulsiert, wendet Ihr Euer Antlitz der Sonne zu. Ihr spürt Seine starke Wärme, er ist da und umarmt Euch. Ihr öffnet die Augen und blickt in Sein Gesicht, um die göttlichen Geheimnisse darin zu erkennen. Ihr schaut ganz lange hin ...;;Caminas durante horas bajo el sol para honrar a [Root.Religion.GetRandomGodName]. A medida que crece el cansancio en tus extremidades y el calor palpita en tu cerebro, giras el rostro hacia el Sol. Mientras sientes como su fuerte calidez y presencia te embriaga, abres tus ojos y miras fijamente hacia Su rostro para abrazar los divinos misterios que se pueden ver en Él. Clavas la mirada por un largo tiempo...;;;;;;;;;x
EVTOPTA_CM_4143;But wait... now everything went dark.;Mais... comment ? Tout est noir maintenant.;Doch halt ... Plötzlich ist alles dunkel.;;Pero espera... ahora todo se ha vuelto oscuro.;;;;;;;;;x
EVTDESC_CM_4190;The ceremony of thanksgiving to Zol the Bringer of Harvest is held in courtyard of the temple. All the attendants bare their heads and kneel to give thanks for the light, warmth, justice, wisdom and fertility that He gives His faithful worshipers. Bread spiced with holy saffron is passed around and consumed by the worshipers.;La cérémonie des grâces en l'honneur de Zol le Justicier est tenue dans la cour du temple. Tous ceux qui y assistent se découvrent la tete et s'agenouillent afin de rendre grâce r la lumicre, la chaleur, la justice, la sagesse et la fertilité qu'Il donne r Ses fidcles. Les fidcles se partagent du pain épicé de saint safran.;Die Dankesfeier für Zol, dem Geber der Gerechtigkeit, findet im Innenhof des Tempels statt. Alle Anwesenden entblößen ihre Häupter und knien nieder, um für Licht, Wärme, Gerechtigkeit, Weisheit und Fruchtbarkeit zu danken, die Er Seinen treuen Gläubigen spendet. Mit heiligem Safran gewürztes Brot wird an die Betenden verteilt.;;La ceremonia de acción de gracias a Zol, el que Imparte Justicia, se lleva a cabo en el claustro del templo. Todos los asistentes descubren sus cabezas y se arrodillan para dar gracias por la luz, la calidez, la justicia, la sabiduría y la fertilidad que Él proporciona a Sus devotos. Los creyentes comen y comparten pan sazonado con azafrán sagrado.;;;;;;;;;x
EVTDESCCM15000;You've been thrown into a pit dug out in the middle of the desert. The guards explain to you that you are to be judged by Zol the Justice-Giver. If you are guilty, the Sun will punish you for your crimes.;Vous avez été jeté dans un trou creusé en plein milieu du désert. Les gardes vous expliquent que vous allez subir le jugement de Zun, le Justicier. Si vous etes coupable, le Soleil vous punira pour vos crimes.;Man hat Euch in eine Grube mitten in der Wüste geworfen. Die Wachen erklären Euch, dass Ihr von Zun, dem Geber der Gerechtigkeit, gerichtet werden sollt. Wenn Ihr schuldig seid, wird die Sonne Euch für Eure Verbrechen bestrafen.;;Te han lanzado en un hoyo cavado en medio del desierto. Los guardias te cuentan que serás juzgado por Zun, el que Imparte Justicia. Si eres culpable, el Sol te castigará por tus crímenes.;;;;;;;;;x
vassal_zun_judgement_decision;Have [Root.GetTitledFirstName] judged by Zol;Faire juger [Root.Get_le_TitledFirstName] par Zun;Lasst Zun ein Urteil über [Root.GetTitledFirstName] fällen;; Hacer juzgar a [Root.GetTitledFirstName] por Zun;;;;;;;;;x
vassal_zun_judgement_decision_desc;By having [Root.GetTitledFirstName] thrown into a pit in the middle of the desert, [Root.GetSheHe] shall be exposed to Zol for days and will be most likely given the 'justice' that [Root.GetSheHe] deserves.;En faisant jeter [Root.Get_le_TitledFirstName] dans un puits au beau milieu du désert, vous [Root.GetLeLa] soumettrez au jugement de Zun pendant plusieurs jours. [Root.GetIlElleCap] recevra alors la 'justice' qu'il mérite.;Indem wir [Root.GetTitledFirstName] in einer Grube mitten in der Wüste schmachten lassen, wo [Root.GetSheHe] tagelang Zun ausgesetzt sein wird, dürfte [Root.Getihmihr] die "Gerechtigkeit" zuteil werden, die [Root.GetSheHe] verdient.;;Habiendo arrojado a [Root.GetTitledFirstName] en un pozo en medio del desierto, estará expuesto a Zun durante días y obtendrá, más probablemente, la "justicia" que se merece.;;;;;;;;;x
EVTOPTACM15007;The only one that can release me from this torture, from the unbearable heat is my new overlord Zol!;Le seul qui peut me sauver de cette torture, de cette chaleur insupportable, c'est mon nouveau maître, Zun !;Der Einzige, der mich von dieser Folter, dieser unerträglichen Hitze erlösen kann, ist mein neuer Meister Zun!;;¡El único que puede liberarme de esta tortura, del calor insoportable, es mi nuevo señor supremo  Zun!;;;;;;;;;x
sun_warrior_desc;The Warriors of the Sun strike with all the fiery power of Zol Himself.;Les Guerriers du Soleil se battent avec la puissance ardente de Zun Lui-même.;Die Krieger der Sonne schlagen mit der ganzen feurigen Kraft von Zun selbst zu.;;Los Guerreros del sol atacan con la fiereza del poder del mismísimo Zun.;;;;;;;;;x
secretly_convert_to_zun_pagan_holy_site;Secretly Convert to Zolist;Adopter en secret la foi zuniste;Heimlich zum zunistischen Glauben konvertieren;;Convertirse en secreto a la religión zunista;;;;;;;;;x
secretly_convert_to_zun_pagan_holy_site_desc;The §YZolist§! pilgrims that flock to the holy site in §Y[Root.Location.GetName]§! impress me with the depth and passion of their faith. I am tempted to convert in secrecy...;Les pèlerins §Yzunistes§! qui affluent vers le site saint en §Y[Root.Location.GetName]§! m'impressionnent avec la profondeur et la passion de leur foi. Je suis tenté[Root.Get_E] de me convertir en secret...;Die §Yzunistischen§! Pilger in §Y[Root.Location.GetName]§! beeindrucken mich durch die Tiefe und die Leidenschaft ihres Glaubens. Ich bin versucht, heimlich zu konvertieren ...;;Los peregrinos §Yzunistas§! que acuden en masa al lugar sagrado en §Y[Root.Location.GetName]§! me impresionan con la profundidad y la pasión de su fe. Me tienta convertirme en secreto...;;;;;;;;;x
secretly_convert_to_zun_pagan_reformed_holy_site;Secretly Convert to Zolist;Adopter en secret la foi zoliste;Heimlich zum zunistischen Glauben konvertieren;;Convertirse en secreto a la religión zunista;;;;;;;;;x
secretly_convert_to_zun_pagan_reformed_holy_site_desc;The §YZun§! pilgrims that flock to the holy site in §Y[Root.Location.GetName]§! impress me with the depth and passion of their faith. I am tempted to convert in secrecy...;Les pèlerins §Yzunistes§! qui affluent vers le site saint en §Y[Root.Location.GetName]§! m'impressionnent avec la profondeur et la passion de leur foi. Je suis tenté[Root.Get_E] de me convertir en secret...;Die §Yzunistischen§! Pilger in §Y[Root.Location.GetName]§! beeindrucken mich durch die Tiefe und die Leidenschaft ihres Glaubens. Ich bin versucht, heimlich zu konvertieren ...;;Los peregrinos §Yzunistas§! que acuden en masa al lugar sagrado en §Y[Root.Location.GetName]§! me impresionan con la profundidad y la pasión de su fe. Me tienta convertirme en secreto...;;;;;;;;;x
##### societies:
String_the_Cistercian_Order;the Cistercian Order;l'Ordre des Cisterciennes;Zisterzienerorden;;la orden de san Cistercense;;;;;;;;;x
Cistercian_power_diligent_tt;Power: §YCistercian Diligence§!\nUpon reaching rank 4, you will be approached by a fellow member of the Cistercian Order who will help you to become more diligent.;Pouvoir: §YDiligence bénédictine§!\nAvant d'atteindre le rang 4, vous serez contacté par un membre de l'Ordre bénédictin qui vous aidera à devenir plus diligent.;Macht: §YBenediktinerfleiß§!\nWenn Ihr den Rang 4 erreicht, werdet Ihr von einem anderen Mitglied des Benediktinerordens angesprochen, das Euch helfen wird, fleißiger zu werden.;;Poder: §YDiligencia de san Benito§!\nAl alcanzar el rango 4, se te acercará un camarada de la orden de san Benito para ayudarte a ser más diligente.;;;;;;;;;x
EVTDESC_MNM_4601_REGULAR;Despite having been a part of the Order for a long time, [benedictines_diligent_mentee.GetSisterBrotherCap] [benedictines_diligent_mentee.GetFirstName] still does not truly exemplify the Cistercian ideals of hard work and structure. I could teach [benedictines_diligent_mentee.GetHerHim] to set up a horarium to structure [benedictines_diligent_mentee.GetHerHis] time.;Bien qu'[benedictines_diligent_mentee.GetIlElle] fasse partie de l'Ordre depuis longtemps, [benedictines_diligent_mentee.GetLeLa] [benedictines_diligent_mentee.GetSisterBrotherCap] [benedictines_diligent_mentee.GetFirstName] n'est pas encore un exemple pour ce qui est des idéaux bénédictins du travail et de l'organisation. Je pourrais lui apprendre à mettre en place un horarium pour structurer son temps.;Obwohl [benedictines_diligent_mentee.GetSheHe] schon lange dem Orden angehört, ist [benedictines_diligent_mentee.GetSisterBrotherCap] [benedictines_diligent_mentee.GetFirstName] immer noch kein leuchtendes Beispiel benediktinischer Ideale wie Struktur und harter Arbeit. Ich könnte [benedictines_diligent_mentee.Getihmihr] beibringen, ein Horarium zu erstellen, um sich die Zeit einzuteilen.;;A pesar del tiempo que lleva en la orden, [benedictines_diligent_mentee.GetFirstName] sigue sin adoptar los ideales benedictinos de trabajo duro y organización. Podría enseñarle a establecer un horario con el que organizar el tiempo.;;;;;;;;;x
monastic_order_benedictine;Cistercian Order;;;;;;;;;;;;x
monastic_order_benedictine_desc;Cistercian Order;;;;;;;;;;;;x
the_trollcrafters;The G9;;;;;;;;;;;;x
the_trollcrafters_desc;The G9 is a self proclaimed 'gang' from Farnham, they have even blown up a bin before and have their own shack hideout! Pretty Cool!;;;;;;;;;;;;x