e_farnham;Farnham;;;;;;;;;;;x
k_farnham;Castle;;;;;;;;;;;x
d_farnham_bypass;Farnham Bypass;;;;;;;;;;;x
b_babbsmead;Babbsmead;;;;;;;;;;;x
b_bishops_manor;Bishops Manor;;;;;;;;;;;x
b_climbingtree;Climbingtree;;;;;;;;;;;x
b_coxbridge;Coxbridge;;;;;;;;;;;x
d_town;Town;;;;;;;;;;;x
b_maltings;The Maltings;;;;;;;;;;;x
b_gostrey;Gostrey;;;;;;;;;;;x
b_william_cobbett;William Cobbett Pub;;;;;;;;;;;x
b_counciloffices;The Council Offices;;;;;;;;;;;x
b_brightwell_house;Brightwell House;;;;;;;;;;;x
b_victoria;Victoria;;;;;;;;;;;x
b_centralcarpark;Central Car Park;;;;;;;;;;;x
b_ashgate;Ashgate;;;;;;;;;;;x
d_castle;Castle;;;;;;;;;;;x
b_farnham_castle;Farnham Castle;;;;;;;;;;;x
b_rangers_lodge;Rangers Lodge;;;;;;;;;;;x
b_st_james;St James;;;;;;;;;;;x
b_folly_lodge;Folly Lodge;;;;;;;;;;;x
b_knowle_farm;Knowle Farm;;;;;;;;;;;x
d_crondall_vale;Crondall Vale;;;;;;;;;;;x
b_woodside;Woodside;;;;;;;;;;;x
b_claypit;Claypit;;;;;;;;;;;x
b_poppystop;Poppystop;;;;;;;;;;;x
b_paddock_house;Paddock House;;;;;;;;;;;x
b_pondwood;Pondwood;;;;;;;;;;;x
b_keepers;Keepers;;;;;;;;;;;x
b_middle_old_park;Middle Old Park;;;;;;;;;;;x
b_pondcopse;Pondcopse;;;;;;;;;;;x
b_windamoor;Windamoor;;;;;;;;;;;x
b_ivyfarm;Ivyfarm;;;;;;;;;;;x
b_yew_tree_house;Yew Tree House;;;;;;;;;;;x
b_whitehorse;Whitehorse;;;;;;;;;;;x
d_the_hart;The Hart;;;;;;;;;;;x
b_crondall;Crondall;;;;;;;;;;;x
b_larkfield;Larkfield;;;;;;;;;;;x
b_st_francis;St Francis;;;;;;;;;;;x
b_beavers_hill;Beavers Hill;;;;;;;;;;;x
b_three_stiles;Three Stiles;;;;;;;;;;;x
b_byworth;Byworth;;;;;;;;;;;x
b_potters_gate;Potter's Gate;;;;;;;;;;;x
b_uca;University for the Creative Arts;;;;;;;;;;;x
b_falkner;Falkner;;;;;;;;;;;x
b_mountbatten_lodge;Mountbatten Lodge;;;;;;;;;;;x
b_cobgates;Cobgates;;;;;;;;;;;x
b_lion_and_lamb;Lion & Lamb;;;;;;;;;;;x
b_queens_head;Queen's Head;;;;;;;;;;;x
b_poundland;Poundland;;;;;;;;;;;x
b_daniel_hall;Daniel Hall;;;;;;;;;;;x
b_old_park_farm;Old Park Farm;;;;;;;;;;;x
d_doras_green;Dora's Green;;;;;;;;;;;x
b_burles_farm;Burles Farm;;;;;;;;;;;x
b_doras_green_cottage;Dora's Green Cottage;;;;;;;;;;;x
b_losehill_house;Losehill House;;;;;;;;;;;x
d_dippenhall;Dippenhall;;;;;;;;;;;x
b_wimble_hill;Wimble Hill;;;;;;;;;;;x
b_clare_park;Clare Park;;;;;;;;;;;x
b_dippenhall;Dippenhall;;;;;;;;;;;x
b_runwick;Runwick;;;;;;;;;;;x
b_grovers_farm;Grovers Farm;;;;;;;;;;;x
b_farnham_house;Farnham House;;;;;;;;;;;x
b_northbrook;Northbrook;;;;;;;;;;;x
b_woodheart;Woodheart;;;;;;;;;;;x
d_alton_road;Alton Road;;;;;;;;;;;x
b_wiley;Willey;;;;;;;;;;;x
b_wiley_farm;Willey Farm;;;;;;;;;;;x
b_wiley_park_farm;Willey Park Farm;;;;;;;;;;;x
b_runwick_house;Runwick House;;;;;;;;;;;x
b_walnuttreehouse;Walnut Tree House;;;;;;;;;;;x
b_westlodge;Westlodge;;;;;;;;;;;x
d_west_farnham;West Farnham;;;;;;;;;;;x
b_103_the_chantrys;103 The Chantrys;;;;;;;;;;;x
b_mt_pleasant;Mt Pleasant;;;;;;;;;;;x
b_waynflete;Waynflete;;;;;;;;;;;x
b_end_grove;End Grove;;;;;;;;;;;x
b_marston;Marston;;;;;;;;;;;x
b_hillview;Hillview;;;;;;;;;;;x
b_dove_house;Dove House;;;;;;;;;;;x
b_bushyreed;Bushyreed;;;;;;;;;;;x
b_potts_farm;Potts Farm;;;;;;;;;;;x
b_bushy_cottage;Bushy Cottage;;;;;;;;;;;x
b_clarks_house;Clarks House;;;;;;;;;;;x
b_randalls_cottage;Randall's Cottage;;;;;;;;;;;x
k_hale;Hale;;;;;;;;;;;x
d_north_park;North Park;;;;;;;;;;;x
b_phoebe_lodge;Phoebe Lodge;;;;;;;;;;;x
b_bishops_paddock;Bishops Paddock;;;;;;;;;;;x
b_chorleywood;Chorleywood;;;;;;;;;;;x
b_nadder;Nadder;;;;;;;;;;;x
b_deerpond;Deerpond;;;;;;;;;;;x
b_aubreys;Aubreys;;;;;;;;;;;x
b_caron;Caron;;;;;;;;;;;x
b_oast_house;Oast House;;;;;;;;;;;x
b_oldstable;Oldstable;;;;;;;;;;;x
b_hale_trail;Hale Trail;;;;;;;;;;;x
b_daniele_sicilian;Daniele Sicilian;;;;;;;;;;;x
d_upper_hale;Upper Hale;;;;;;;;;;;x
b_hoghatch;Hoghatch;;;;;;;;;;;x
b_derwent;Derwent;;;;;;;;;;;x
b_coniston;Coniston;;;;;;;;;;;x
b_neptune;Neptune;;;;;;;;;;;x
b_ullswater;Ullswater;;;;;;;;;;;x
b_ambleside;Ambleside;;;;;;;;;;;x
b_folly_hill_infant_school;Folly Hill Infant School;;;;;;;;;;;x
b_trinity_hill;Trinity Hill;;;;;;;;;;;x
b_hillbrook;Hillbrook;;;;;;;;;;;x
b_windermere;Windermere;;;;;;;;;;;x
b_trinityfields;Trinityfields;;;;;;;;;;;x
b_grasmere;Grasmere;;;;;;;;;;;x
b_shady_nook;Shady Nook;;;;;;;;;;;x
b_alfred_free_house;Alfred Free House;;;;;;;;;;;x
b_hale_village_hall;Hale Village Hall;;;;;;;;;;;x
b_fernhill;Fernhill;;;;;;;;;;;x
b_the_vine;The Vine;;;;;;;;;;;x
b_the_green;The Green;;;;;;;;;;;x
b_ball_and_wicket;Ball and Wicket;;;;;;;;;;;x
b_greenways;Greenways;;;;;;;;;;;x
b_nutshell;Nutshell;;;;;;;;;;;x
b_brookside;Brookside;;;;;;;;;;;x
b_costcutter;Costcutter;;;;;;;;;;;x
b_the_rectory;The Rectory;;;;;;;;;;;x
b_willoway;Willoway;;;;;;;;;;;x
d_farmlands;Farmlands;;;;;;;;;;;x
b_heathyfields;Heathyfields;;;;;;;;;;;x
b_pachner;Pachner;;;;;;;;;;;x
b_the_heights;The Heights;;;;;;;;;;;x
b_heathhill;Heathhill;;;;;;;;;;;x
b_beah;Beah;;;;;;;;;;;x
b_tudor_cottage;Tudor Cottage;;;;;;;;;;;x
b_ewshott_cottage;Ewshott Cottage;;;;;;;;;;;x
b_seedyfields;Seedyfields;;;;;;;;;;;x
b_the_nutshack;The Nutshack;;;;;;;;;;;x
b_carpenters_lodge;Carpenters Lodge;;;;;;;;;;;x
b_eastfield;Eastfield;;;;;;;;;;;x
b_crossgrove;Crossgrove;;;;;;;;;;;x
b_hedgend;Hedgend;;;;;;;;;;;x
b_cropping;Cropping;;;;;;;;;;;x
b_lawday_house_farm;Lawday House Farm;;;;;;;;;;;x
b_shell;Shell;;;;;;;;;;;x
b_tech_recycle;Tech Recycle;;;;;;;;;;;x
b_halcyon;Halcyon;;;;;;;;;;;x
b_landfall;Landfall;;;;;;;;;;;x
b_yew_tree_lodge;Yew Tree Lodge;;;;;;;;;;;x
b_housegate;Housegate;;;;;;;;;;;x
d_sandy_hill;Sandy Hill;;;;;;;;;;;x
b_toplady;Toplady;;;;;;;;;;;x
b_alwin;Alwin;;;;;;;;;;;x
b_st_marks;St Marks;;;;;;;;;;;x
b_swift;Swift;;;;;;;;;;;x
b_perry;Perry;;;;;;;;;;;x
b_trimmers;Trimmers;;;;;;;;;;;x
b_ryan;Ryan;;;;;;;;;;;x
b_blackheath;Blackheath;;;;;;;;;;;x
b_longbottom;Longbottom;;;;;;;;;;;x
b_hale_school;Hale School;;;;;;;;;;;x
d_manorsedge;Manorsedge;;;;;;;;;;;x
b_beaconhill;Beaconhill;;;;;;;;;;;x
b_caesars_camp;Caesar's Camp;;;;;;;;;;;x
b_bourley;Bourley;;;;;;;;;;;x
b_odiham_road;Odiham Road;;;;;;;;;;;x
k_heath_end;Heath End;;;;;;;;;;;x
d_heath_end;Heath End;;;;;;;;;;;x
b_nelson;Nelson;;;;;;;;;;;x
b_hillside;Hillside;;;;;;;;;;;x
b_the_crescent;The Crescent;;;;;;;;;;;x
b_charlotte;Charlotte;;;;;;;;;;;x
b_laundromat;Laundromat;;;;;;;;;;;x
b_post_office;Post Office;;;;;;;;;;;x
b_cooperative;Cooperative;;;;;;;;;;;x
b_horsewood;Horsewood;;;;;;;;;;;x
b_bricksbury;Bricksbury;;;;;;;;;;;x
b_the_alma;The Alma;;;;;;;;;;;x
b_hungry_hill;Hungry Hill;;;;;;;;;;;x
b_the_forts;The Forts;;;;;;;;;;;x
d_old_vicarage;Old Vicarage;;;;;;;;;;;x
b_the_old_vicarage;The Old Vicarage;;;;;;;;;;;x
b_bethel;Bethel;;;;;;;;;;;x
b_bethel_baptist_church;Bethel Baptist Church;;;;;;;;;;;x
b_highlands;Highlands;;;;;;;;;;;x
d_radford;Radford;;;;;;;;;;;x
b_st_johns;St Johns;;;;;;;;;;;x
b_radford;Radford;;;;;;;;;;;x
b_farnham_taxis;Farnham Taxis;;;;;;;;;;;x
b_hale_place;Hale Place;;;;;;;;;;;x
b_upperbell;Upperbell;;;;;;;;;;;x
b_southale;Southale;;;;;;;;;;;x
b_taize;Taize;;;;;;;;;;;x
b_whitmore;Whitmore;;;;;;;;;;;x
b_oast_crescent;Oast Crescent;;;;;;;;;;;x
b_northarch;Northarch;;;;;;;;;;;x
b_eastside;Eastside;;;;;;;;;;;x
b_weston;Weston;;;;;;;;;;;x
b_southknit;Southknit;;;;;;;;;;;x
b_lucie_harrington;Lucie Harrington;;;;;;;;;;;x
b_barbers;Barbers;;;;;;;;;;;x
b_stream_cottage;Stream Cottage;;;;;;;;;;;x
d_farnborough_road;Farnborough Road;;;;;;;;;;;x
b_wellington;Wellington;;;;;;;;;;;x
b_texaco;Texaco;;;;;;;;;;;x
b_whitethorns;Whitethorns;;;;;;;;;;;x
b_rojula;Rojula;;;;;;;;;;;x
b_brangwyns;Brangwyns;;;;;;;;;;;x
b_fairway;Fairway;;;;;;;;;;;x
b_caterpillars;Caterpillars;;;;;;;;;;;x
b_the_glade;The Glade;;;;;;;;;;;x
b_whitehouse;Whitehouse;;;;;;;;;;;x
b_brookhall;Brookhall;;;;;;;;;;;x
b_elmtree;Elmtree;;;;;;;;;;;x
d_rowhills;Rowhills;;;;;;;;;;;x
b_the_royal_arms;The Royal Arms;;;;;;;;;;;x
b_rowhill;Rowhill;;;;;;;;;;;x
b_oakland;Oakland;;;;;;;;;;;x
b_cranmore;Cranmore;;;;;;;;;;;x
k_weybourne;Weybourne;;;;;;;;;;;x
d_upper_weybourne;Upper Weybourne;;;;;;;;;;;x
b_laburnum;Laburnum;;;;;;;;;;;x
b_the_coppice;The Coppice;;;;;;;;;;;x
b_weywood;Weywood;;;;;;;;;;;x
b_newcomer;Newcomer;;;;;;;;;;;x
b_hillside_close;Hillside Close;;;;;;;;;;;x
d_lower_hale;Lower Hale;;;;;;;;;;;x
b_heath_end_school;Heath End School;;;;;;;;;;;x
b_william_cobbett_school;William Cobbett School;;;;;;;;;;;x
b_elmtree_school;Elmtree School;;;;;;;;;;;x
b_six_bells;Six Bells;;;;;;;;;;;x
b_six_bells_pub;Six Bells Pub;;;;;;;;;;;x
b_bullers;Bullers;;;;;;;;;;;x
d_nuffield;Nuffield;;;;;;;;;;;x
b_weybourne_village_hall;Weybourne Village Hall;;;;;;;;;;;x
b_wentworth;Wentworth;;;;;;;;;;;x
b_all_hallows;All Hallows;;;;;;;;;;;x
b_woodlands;Woodlands;;;;;;;;;;;x
b_blackwater_lodge;Blackwater Lodge;;;;;;;;;;;x
b_monkton_farm;Monkton Farm;;;;;;;;;;;x
d_blackbrook;Blackbrook;;;;;;;;;;;x
b_nutbourne;Nutbourne;;;;;;;;;;;x
b_copse;Copse;;;;;;;;;;;x
b_woodbourne;Woodbourne;;;;;;;;;;;x
b_stovold;Stovold;;;;;;;;;;;x

b_cemetery;Cemetery;;;;;;;;;;;x
b_westweir;Westweir;;;;;;;;;;;x
b_cemetery_chapel;Cemetery Chapel;;;;;;;;;;;x
b_crosby;Crosby;;;;;;;;;;;x
b_elateral;Elateral;;;;;;;;;;;x
b_farnham_memorial_hall;Farnham Memorial Hall;;;;;;;;;;;x
b_eastweir;Eastweir;;;;;;;;;;;x
b_pengilly;Pengilly;;;;;;;;;;;x
b_weydon_mill;Weydon Mill;;;;;;;;;;;x
b_whitlet;Whitlet;;;;;;;;;;;x
b_meadowbank;Meadowbank;;;;;;;;;;;x
b_coxbridge_farm;Coxbridge Farm;;;;;;;;;;;x
b_bourne_wood_manor;Bourne Wood Manor;;;;;;;;;;;x
b_allotment;Allotment;;;;;;;;;;;x
b_mcfarlane;Mcfarlane;;;;;;;;;;;x
b_stedman;Stedman;;;;;;;;;;;x
b_alex_garage;Alex Garage;;;;;;;;;;;x
b_redlion;Redlion;;;;;;;;;;;x
b_the_wey_church;The Wey Church;;;;;;;;;;;x
b_trafalgar;Trafalgar;;;;;;;;;;;x
b_fairhurst;Fairhurst;;;;;;;;;;;x
b_stopgap;Stopgap;;;;;;;;;;;x
b_demeric_school_of_dance;Demeric School Of Dance;;;;;;;;;;;x
b_emmanuel_church;Emmanuel Church;;;;;;;;;;;x
b_the_lamb;The Lamb;;;;;;;;;;;x
b_saxon_croft;Saxon Croft;;;;;;;;;;;x
b_providence_place;Providence Place;;;;;;;;;;;x
b_farnham_bathroom;Farnham Bathroom;;;;;;;;;;;x
b_farnham_methodist_church;Farnham Methodist Church;;;;;;;;;;;x
b_sainsburys;Sainsbury's;;;;;;;;;;;x
b_liberal_club;Liberal Club;;;;;;;;;;;x
b_slug_and_lettuce;Slug And Lettuce;;;;;;;;;;;x
b_dominos;Dominos;;;;;;;;;;;x
b_vineyard_church;Vineyard Church;;;;;;;;;;;x
b_the_spire;The Spire;;;;;;;;;;;x
b_robert_dyas;Robert Dyas;;;;;;;;;;;x
b_natwest;Natwest;;;;;;;;;;;x
b_mercurebush;Mercurebush;;;;;;;;;;;x
b_new_ashgate;New Ashgate;;;;;;;;;;;x
b_st_andrews_infant_school;St Andrew's Infant School;;;;;;;;;;;x
b_elphicks;Elphicks;;;;;;;;;;;x
b_the_wheatsheaf;The Wheatsheaf;;;;;;;;;;;x
b_waggon_yard;Waggon Yard;;;;;;;;;;;x
b_middlechurch;Middlechurch;;;;;;;;;;;x
b_cricket_club;Cricket Club;;;;;;;;;;;x
b_golf_course;Golf Course;;;;;;;;;;;x
b_pavillion;Pavillion;;;;;;;;;;;x
b_castlehill;Castlehill;;;;;;;;;;;x
b_blindbishop;Blindbishop;;;;;;;;;;;x
b_castle_gardens;Castle Gardens;;;;;;;;;;;x
b_the_avenue;The Avenue;;;;;;;;;;;x
b_whitebottom;Whitebottom;;;;;;;;;;;x
b_swallow_hole;Swallow Hole;;;;;;;;;;;x
b_college_copse;College Copse;;;;;;;;;;;x
b_yo_yo;Yo Yo;;;;;;;;;;;x
b_drovers;Drovers;;;;;;;;;;;x
b_blenheim;Blenheim;;;;;;;;;;;x
b_hampton;Hampton;;;;;;;;;;;x
b_upper_old_park;Upper Old Park;;;;;;;;;;;x
b_woodstock;Woodstock;;;;;;;;;;;x
b_park_row;Park Row;;;;;;;;;;;x
b_nelson_arms;Nelson Arms;;;;;;;;;;;x
b_christian_science_church;Christian Science Church;;;;;;;;;;;x
b_subway;Subway;;;;;;;;;;;x
b_giggling_squid;Giggling Squid;;;;;;;;;;;x
b_lloyds;Lloyd's;;;;;;;;;;;x
b_zizzi;Zizzi;;;;;;;;;;;x
b_woodside_cottages;Woodside Cottages;;;;;;;;;;;x
b_stables;Stables;;;;;;;;;;;x
b_the_riding_centre;The Riding Centre;;;;;;;;;;;x
b_westdrain;Westdrain;;;;;;;;;;;x
b_old_park_lodge;Old Park Lodge;;;;;;;;;;;x
b_longtrack;Longtrack;;;;;;;;;;;x
b_cobbett_way;Cobbett Way;;;;;;;;;;;x
b_castle_farm;Castle Farm;;;;;;;;;;;x
b_potswood;Potswood;;;;;;;;;;;x
b_leftpath;Leftpath;;;;;;;;;;;x
b_nadder_west;Nadder West;;;;;;;;;;;x
b_paddock_cottage;Paddock Cottage;;;;;;;;;;;x
b_footbridge;Footbridge;;;;;;;;;;;x
b_delaware_house;Delaware House;;;;;;;;;;;x
b_parkland;Parkland;;;;;;;;;;;x
b_ewshott_house;Ewshott House;;;;;;;;;;;x
b_wallwood;Wallwood;;;;;;;;;;;x
b_keepsake;Keepsake;;;;;;;;;;;x
b_cascadia;Cascadia;;;;;;;;;;;x
b_potters_gate_school;Potter's Gate School;;;;;;;;;;;x
b_beaverchurch;Beaverchurch;;;;;;;;;;;x
b_the_plough;The Plough;;;;;;;;;;;x
b_beerhouse;Beerhouse;;;;;;;;;;;x
b_holtkiln;Holtkiln;;;;;;;;;;;x
b_school_boundary;School Boundary;;;;;;;;;;;x
b_farnham_baptist_church;Farnham Baptist Church;;;;;;;;;;;x
b_upper_hart;Upper Hart;;;;;;;;;;;x
b_mountbatten;Mountbatten;;;;;;;;;;;x
b_longarden;Longarden;;;;;;;;;;;x
b_foxyard;Foxyard;;;;;;;;;;;x
b_piccolo;Piccolo;;;;;;;;;;;x
b_goldsmiths;Goldsmiths;;;;;;;;;;;x
b_costa;Costa;;;;;;;;;;;x
b_palewatch;Palewatch;;;;;;;;;;;x
b_bishops_square;Bishop's Square;;;;;;;;;;;x
b_grange;Grange;;;;;;;;;;;x
b_orchad_house;Orchid House;;;;;;;;;;;x
b_the_cockhouse;The Cockhouse;;;;;;;;;;;x
b_castlefield;Castlefield;;;;;;;;;;;x
d_st_rhadegund;St Rhadegund;;;;;;;;;;;x
b_burles_lodge;Burles Lodge;;;;;;;;;;;x
b_woadlands;Woadlands;;;;;;;;;;;x
b_maplelodge;Maplelodge;;;;;;;;;;;x
b_freshpark;Freshpark;;;;;;;;;;;x
b_wonmoor;Wonmoor;;;;;;;;;;;x
b_seymours;Seymour's;;;;;;;;;;;x
b_halfway_house;Halfway House;;;;;;;;;;;x
b_halfway_cottage;Halfway Cottage;;;;;;;;;;;x
b_st_rhadegund;St Rhadegund;;;;;;;;;;;x
b_meads;Meads;;;;;;;;;;;x
b_torybrough;Torybrough;;;;;;;;;;;x
b_berryflower;Berryflower;;;;;;;;;;;x
b_longhouse;Longhouse;;;;;;;;;;;x
b_greenpole;Greenpole;;;;;;;;;;;x
b_loosewood;Loosewood;;;;;;;;;;;x
b_astrondal;Astrondal;;;;;;;;;;;x
b_hilshed;Hilshed;;;;;;;;;;;x
b_eightbridge;Eightbridge;;;;;;;;;;;x
b_spire;Spire;;;;;;;;;;;x
b_dippenpit;Dippenpit;;;;;;;;;;;x
b_oakdis;Oakdis;;;;;;;;;;;x
b_southcopse;Southcopse;;;;;;;;;;;x
b_wimbledome;Wimbledome;;;;;;;;;;;x
b_dippenhall_house;Dippenhall House;;;;;;;;;;;x
b_the_factory;The Factory;;;;;;;;;;;x
b_stable_cottage;Stable Cottage;;;;;;;;;;;x
b_coach_house;Coach House;;;;;;;;;;;x
b_compass_yacht;Compass Yacht;;;;;;;;;;;x
b_rover_and_jaguar;Rover And Jaguar;;;;;;;;;;;x
b_st_swithuns;St Swithun's;;;;;;;;;;;x
b_northbrook_estate;Northbrook Estate;;;;;;;;;;;x
b_old_searchlights;Old Searchlights;;;;;;;;;;;x
b_vendcord;Vendcord;;;;;;;;;;;x
b_northlands;Northlands;;;;;;;;;;;x
b_ridgway_house;Ridgway House;;;;;;;;;;;x
b_willey_park_house;Willey Park House;;;;;;;;;;;x
b_ridgway_lodge;Ridgway Lodge;;;;;;;;;;;x
b_chamberlane;Chamberlane;;;;;;;;;;;x
b_willey;Willey;;;;;;;;;;;x
b_the_gardners_cottage;The Gardner's Cottage;;;;;;;;;;;x
b_collsinks;Collsinks;;;;;;;;;;;x
b_willey_park_farm;Willey Park Farm;;;;;;;;;;;x
b_horse_india;Horse India;;;;;;;;;;;x
b_willey_farm;Willey Farm;;;;;;;;;;;x
b_fellerfield;Fellerfield;;;;;;;;;;;x
b_travis_perkins;Travis Perkins;;;;;;;;;;;x
b_rudridge;Rudridge;;;;;;;;;;;x
b_leonardo;Leonardo;;;;;;;;;;;x
b_protean;Protean;;;;;;;;;;;x
b_carlin;Carlin;;;;;;;;;;;x
b_northbrook_mews;Northbrook Mews;;;;;;;;;;;x
b_porta_romana;Porta Romana;;;;;;;;;;;x
b_caspian;Caspian;;;;;;;;;;;x
b_northbrook_farm;Northbrook Farm;;;;;;;;;;;x
b_fishpond;Fishpond;;;;;;;;;;;x
b_sinktrack;Sinktrack;;;;;;;;;;;x
b_old_tiles;Old Tiles;;;;;;;;;;;x
b_cupsmiths;Cupsmiths;;;;;;;;;;;x
b_runwick_hill_house;Runwick Hill House;;;;;;;;;;;x
b_the_oaks;The Oaks;;;;;;;;;;;x
b_old_cottage;Old Cottage;;;;;;;;;;;x
b_lower_farm;Lower Farm;;;;;;;;;;;x
b_dippenhall_grange;Dippenhall Grange;;;;;;;;;;;x
b_deansknowe;Deansknowe;;;;;;;;;;;x
b_welsutton;Welsutton;;;;;;;;;;;x
b_barn_cottage;Barn Cottage;;;;;;;;;;;x
b_millans_cottage;Millan's Cottage;;;;;;;;;;;x
b_bushycoppice;Bushycoppice;;;;;;;;;;;x
b_st_austells;St Austell's;;;;;;;;;;;x
b_southpath;Southpath;;;;;;;;;;;x
b_randall_farm;Randall Farm;;;;;;;;;;;x
b_underbridge;Underbridge;;;;;;;;;;;x
b_farstream;Farstream;;;;;;;;;;;x
b_park_cemetery;Park Cemetery;;;;;;;;;;;x
b_belveden;Belveden;;;;;;;;;;;x
b_fernspring;Fernspring;;;;;;;;;;;x
b_mulberry;Mulberry;;;;;;;;;;;x
b_brookside_farm;Brookside Farm;;;;;;;;;;;x
b_parkside;Parkside;;;;;;;;;;;x
b_westglen;Westglen;;;;;;;;;;;x
b_north_park;North Park;;;;;;;;;;;x
b_high_heath;High Heath;;;;;;;;;;;x
b_nethergrove;Nethergrove;;;;;;;;;;;x
b_crossvale;Crossvale;;;;;;;;;;;x
b_westdell;Westdell;;;;;;;;;;;x
b_pottinger;Pottinger;;;;;;;;;;;x
b_robin_house;Robin House;;;;;;;;;;;x
b_farnham_coaches;Farnham Coaches;;;;;;;;;;;x
b_heathypark;Heathypark;;;;;;;;;;;x
b_folly_hill_house;Folly Hill House;;;;;;;;;;;x
b_easthantsfield;Easthantsfield;;;;;;;;;;;x
b_mast;Mast;;;;;;;;;;;x
b_northpond;Northpond;;;;;;;;;;;x
b_rangeholm;Rangeholm;;;;;;;;;;;x
b_court_lodge;Court Lodge;;;;;;;;;;;x
b_eton_place;Eton Place;;;;;;;;;;;x
b_jascapes;Jascapes;;;;;;;;;;;x
b_barrie;Barrie;;;;;;;;;;;x
b_spring;Spring;;;;;;;;;;;x
b_westsand;Westsand;;;;;;;;;;;x
b_lyall_place;Lyall Place;;;;;;;;;;;x
b_macdonald;Macdonald;;;;;;;;;;;x
b_campbell;Campbell;;;;;;;;;;;x
b_sandford;Sandford;;;;;;;;;;;x
b_sturt;Sturt;;;;;;;;;;;x
b_centrepark;Centrepark;;;;;;;;;;;x
b_the_bungalow;The Bungalow;;;;;;;;;;;x
b_gravelscythe;Gravelscythe;;;;;;;;;;;x
b_surestart;Surestart;;;;;;;;;;;x
b_bishopsroad;Bishop's Road;;;;;;;;;;;x
b_upper_alma;Upper Alma;;;;;;;;;;;x
b_tesco_express;Tesco Express;;;;;;;;;;;x
b_bricksbury_hill;Bricksbury Hill;;;;;;;;;;;x
b_woolworth;Woolworth;;;;;;;;;;;x
b_longpath;Longpath;;;;;;;;;;;x
b_conifern;Conifern;;;;;;;;;;;x
b_bourleigh;Bourleigh;;;;;;;;;;;x
b_caesarea_australis;Caesarea Australis;;;;;;;;;;;x
b_caesars_camp_fort;Caesar's Camp Fort;;;;;;;;;;;x
b_the_chapel;The Chapel;;;;;;;;;;;x
b_claycart;Claycart;;;;;;;;;;;x
b_rushmore;Rushmore;;;;;;;;;;;x
b_babbenburgh;Babbenburgh;;;;;;;;;;;x
b_anteromanum;Anteromanum;;;;;;;;;;;x
b_hillbrow;Hillbrow;;;;;;;;;;;x
b_kestrel;Kestrel;;;;;;;;;;;x
b_foxway;Foxway;;;;;;;;;;;x
b_nuthatch;Nuthatch;;;;;;;;;;;x
b_badgerway;Badgerway;;;;;;;;;;;x
b_beaconhill_copse;Beaconhill Copse;;;;;;;;;;;x
b_farnham_minibuses;Farnham Minibuses;;;;;;;;;;;x
b_beacon;Beacon;;;;;;;;;;;x
b_pitcourt;Pitcourt;;;;;;;;;;;x
b_heath;Heath;;;;;;;;;;;x
b_wimpey;Wimpey;;;;;;;;;;;x
b_taylor;Taylor;;;;;;;;;;;x
b_crownfield;Crownfield;;;;;;;;;;;x
b_pondchurch;Pondchurch;;;;;;;;;;;x
b_woodland_lodge;Woodland Lodge;;;;;;;;;;;x
b_timstrack;Timstrack;;;;;;;;;;;x
b_nordwood;Nordwood;;;;;;;;;;;x
b_recreatia;Recreatia;;;;;;;;;;;x
b_willow_house;Willow House;;;;;;;;;;;x
b_the_ferns;The Ferns;;;;;;;;;;;x
b_gorselands;Gorselands;;;;;;;;;;;x
b_mr_scan;Mr Scan;;;;;;;;;;;x
b_christian_trust;Christian Trust;;;;;;;;;;;x
b_shiphouse;Shiphouse;;;;;;;;;;;x
b_the_alma_pub;The Alma Pub;;;;;;;;;;;x
b_church_of_the_holy_family;Church Of The Holy Family;;;;;;;;;;;x
b_the_dell;The Dell;;;;;;;;;;;x
b_intrenchments;Intrenchments;;;;;;;;;;;x
b_beamhollow;Beamhollow;;;;;;;;;;;x
b_trodden;Trodden;;;;;;;;;;;x
b_hungrychurch;Hungrychurch;;;;;;;;;;;x
b_redoubt;Redoubt;;;;;;;;;;;x
b_crowndaisy;Crowndaisy;;;;;;;;;;;x
b_charlone;Charlone;;;;;;;;;;;x
b_sunny_hill;Sunny Hill;;;;;;;;;;;x
d_chennels;Chennels;;;;;;;;;;;x
b_yolland;Yolland;;;;;;;;;;;x
b_cloxby;Cloxby;;;;;;;;;;;x
b_old_heath;Old Heath;;;;;;;;;;;x
b_wood;Wood;;;;;;;;;;;x
b_winterbourne;Winterbourne;;;;;;;;;;;x
b_newchapel;Newchapel;;;;;;;;;;;x
b_rushden;Rushden;;;;;;;;;;;x
b_poplar;Poplar;;;;;;;;;;;x
b_battlax;Battlax;;;;;;;;;;;x
b_elmway;Elmway;;;;;;;;;;;x
b_knowlestail;Knowlestail;;;;;;;;;;;x
b_chennels;Chennels;;;;;;;;;;;x
b_elmgrove;Elmgrove;;;;;;;;;;;x
b_beamdown;Beamdown;;;;;;;;;;;x
b_willoughby;Willoughby;;;;;;;;;;;x
b_mosaic;Mosaic;;;;;;;;;;;x
b_thomasborough;Thomasborough;;;;;;;;;;;x
d_orlando;Orlando;;;;;;;;;;;x
b_st_johns_church;St John's Church;;;;;;;;;;;x
b_oaktree;Oaktree;;;;;;;;;;;x
b_fairview;Fairview;;;;;;;;;;;x
b_white_cottage;White Cottage;;;;;;;;;;;x
b_haling;Haling;;;;;;;;;;;x
b_southreeds;Southreeds;;;;;;;;;;;x
b_blueline;Blueline;;;;;;;;;;;x
b_cmk;CMK;;;;;;;;;;;x
b_the_parish;The Parish;;;;;;;;;;;x
b_oastwood;Oastwood;;;;;;;;;;;x
b_enbankment;Enbankment;;;;;;;;;;;x
b_farwater;Farwater;;;;;;;;;;;x
b_eightdrive;Eightdrive;;;;;;;;;;;x
b_orlando;Orlando;;;;;;;;;;;x
b_harrington;Harrington;;;;;;;;;;;x
b_hallreed;Hallreed;;;;;;;;;;;x
b_knightsdale;Knightsdale;;;;;;;;;;;x
b_brookland;Brookland;;;;;;;;;;;x
b_tadpot_cottages;Tadpot Cottages;;;;;;;;;;;x
b_middlegreen;Middlegreen;;;;;;;;;;;x
b_surrey_auto_salvage;Surrey Auto Salvage;;;;;;;;;;;x
b_queen_annes;Queen Anne's;;;;;;;;;;;x
b_almaway;Almaway;;;;;;;;;;;x
b_raindance;Raindance;;;;;;;;;;;x
b_ranataxi;Ranataxi;;;;;;;;;;;x
b_elmerth;Elmerth;;;;;;;;;;;x
b_oak_cottage;Oak Cottage;;;;;;;;;;;x
b_spokehome;Spokehome;;;;;;;;;;;x
b_oakaveturn;Oakaveturn;;;;;;;;;;;x
b_pinkglade;Pinkglade;;;;;;;;;;;x
b_violetta;Violetta;;;;;;;;;;;x
b_stickston;Stickston;;;;;;;;;;;x
b_whitcairn;Whitcairn;;;;;;;;;;;x
b_redrun;Redrun;;;;;;;;;;;x
b_endturn;Endturn;;;;;;;;;;;x
b_nook;Nook;;;;;;;;;;;x
b_tonning;Tonning;;;;;;;;;;;x
b_deldale;Deldale;;;;;;;;;;;x
b_carter;Carter;;;;;;;;;;;x
b_hillcrest;Hillcrest;;;;;;;;;;;x
b_acornkeep;Acornkeep;;;;;;;;;;;x
b_tga_living;TGA Living;;;;;;;;;;;x
b_nelson_east;Nelson East;;;;;;;;;;;x
b_the_warren;The Warren;;;;;;;;;;;x
b_trevose;Trevose;;;;;;;;;;;x
b_westview;Westview;;;;;;;;;;;x
b_lowercopse;Lowercopse;;;;;;;;;;;x
b_falcrest;Falcrest;;;;;;;;;;;x
b_heathwood;Heathwood;;;;;;;;;;;x
b_hallimore;Hallimore;;;;;;;;;;;x
b_highheath;Highheath;;;;;;;;;;;x
b_daisycrown;Daisycrown;;;;;;;;;;;x
b_airshow;Airshow;;;;;;;;;;;x
b_ideal;Ideallica;;;;;;;;;;;x
b_rowhill_reserve;Rowhill Reserve;;;;;;;;;;;x
b_treeside;Treeside;;;;;;;;;;;x
b_shortbark;Shortbark;;;;;;;;;;;x
b_wisegrove;Wisegrove;;;;;;;;;;;x
b_tadpole_cottage;Tadpole Cottage;;;;;;;;;;;x
b_crompton;Crompton;;;;;;;;;;;x
b_mill_stream;Mill Stream;;;;;;;;;;;x
b_newcome;Newcome;;;;;;;;;;;x
b_geckostead;Geckostead;;;;;;;;;;;x
b_pinkbeech;Pinkbeech;;;;;;;;;;;x
b_stonepark;Stonepark;;;;;;;;;;;x
b_premier;Premier;;;;;;;;;;;x
b_stanley;Stanley;;;;;;;;;;;x
b_workwise;Workwise;;;;;;;;;;;x
b_alpha;Alpha;;;;;;;;;;;x
b_the_tower;The Tower;;;;;;;;;;;x
b_hawthorne_house;Hawthorne House;;;;;;;;;;;x
b_baynes;Baynes;;;;;;;;;;;x
b_morris;Morris;;;;;;;;;;;x
b_wilkinson;Wilkinson;;;;;;;;;;;x
b_high_view;High View;;;;;;;;;;;x
b_weybourne_community_church;Weybourne Community Church;;;;;;;;;;;x
b_north_school;North School;;;;;;;;;;;x
b_willowbrook;Willowbrook;;;;;;;;;;;x
b_roundfield;Roundfield;;;;;;;;;;;x
b_row_gardens;Row Gardens;;;;;;;;;;;x
b_bindon_house;Bindon House;;;;;;;;;;;x
b_weybourne_allotments;Weybourne Allotments;;;;;;;;;;;x
b_tootsies;Tootsies;;;;;;;;;;;x
b_hockey_club;Hockey Club;;;;;;;;;;;x
b_fairways;Fairways;;;;;;;;;;;x
b_wey_post_office;Weybourne Post Office;;;;;;;;;;;x
b_vanilla_sprinkle;Vanilla Sprinkle;;;;;;;;;;;x
b_presceli;Presceli;;;;;;;;;;;x
b_karelie;Karelie;;;;;;;;;;;x
b_the_running_stream;The Running Stream;;;;;;;;;;;x
b_hallowed_chapel;Hallowed Chapel;;;;;;;;;;;x
b_bankside;Bankside;;;;;;;;;;;x
b_phoenix;Phoenix;;;;;;;;;;;x
b_chez_noze;Chez Noze;;;;;;;;;;;x
b_la_foile;La Foile;;;;;;;;;;;x
b_patchedroad;Patchedroad;;;;;;;;;;;x
b_bentley;Bentley;;;;;;;;;;;x
b_oaken_house;Oaken House;;;;;;;;;;;x
b_oldcar;Oldcar;;;;;;;;;;;x
b_churcher;Churcher;;;;;;;;;;;x
b_blue_and_yellow;Blue And Yellow;;;;;;;;;;;x
b_blackwood;Blackwood;;;;;;;;;;;x
b_lea;Lea;;;;;;;;;;;x
b_stockwood;Stockwood;;;;;;;;;;;x
b_brook;Brook;;;;;;;;;;;x
b_old_lane;Old Lane;;;;;;;;;;;x
b_applecar;Applecar;;;;;;;;;;;x
b_green_lane_farm;Green Lane Farm;;;;;;;;;;;x
b_century_cottage;Century Cottage;;;;;;;;;;;x
b_monksway;Monksway;;;;;;;;;;;x
b_flockerton;Flockerton;;;;;;;;;;;x
b_brock;Brock;;;;;;;;;;;x
b_woodhouse;Woodhouse;;;;;;;;;;;x
b_tropichouse;Tropichouse;;;;;;;;;;;x
b_lampost;Lampost;;;;;;;;;;;x
b_greyscythe;Greyscythe;;;;;;;;;;;x
b_willowbranch;Willowbranch;;;;;;;;;;;x
b_the_corner;The Corner;;;;;;;;;;;x
b_crooked_nook;Crooked Nook;;;;;;;;;;;x
b_bluecircle;Bluecircle;;;;;;;;;;;x
b_tigerhouse;Tigerhouse;;;;;;;;;;;x
b_eggar;Eggar;;;;;;;;;;;x
b_closecopse;Closecopse;;;;;;;;;;;x
b_laneford;Laneford;;;;;;;;;;;x
b_rowhill_nature_reserve;Rowhill Nature Reserve;;;;;;;;;;;x
b_innisfail;Innisfail;;;;;;;;;;;x
b_ambereley;Ambereley;;;;;;;;;;;x
b_paul;Pauling;;;;;;;;;;;x
b_luke;Lukerth;;;;;;;;;;;x
k_badshot_lea;Badshot Lea;;;;;;;;;;;x
d_water_lane;Water Lane;;;;;;;;;;;x
b_sewage_treatment_plant;Sewage Treatment Plant;;;;;;;;;;;x
b_overseers_office;Overseer's Office;;;;;;;;;;;x
b_the_vats;The Vats;;;;;;;;;;;x
b_filtration_facility;Filtration Facility;;;;;;;;;;;x
b_footfield;Footfield;;;;;;;;;;;x
b_southflume;Southflume;;;;;;;;;;;x
b_boileroom;Boileroom;;;;;;;;;;;x
b_big_sainsburys;Big Sainsbury's;;;;;;;;;;;x
b_starbucks;Starbucks;;;;;;;;;;;x
b_sainsburys_petrol_station;Sainsbury's Petrol Station;;;;;;;;;;;x
b_kebab_van;Kebab Van;;;;;;;;;;;x
b_carwash;Carwash;;;;;;;;;;;x
b_sainsburys_pharmacy;Sainsbury's Pharmacy;;;;;;;;;;;x
b_explore_learning;Explore Learning;;;;;;;;;;;x
b_alligator_self_storage;Alligator Self Storage;;;;;;;;;;;x
b_kinetrol;Kinetrol;;;;;;;;;;;x
b_jewson;Jewson;;;;;;;;;;;x
b_home_of_legends;Home Of Legends;;;;;;;;;;;x
b_plascoat;Plascoat;;;;;;;;;;;x
b_howden;Howden;;;;;;;;;;;x
b_polypipe;Polypipe;;;;;;;;;;;x
b_uvex;Uvex;;;;;;;;;;;x
b_kwik_fit;Kwik Fit;;;;;;;;;;;x
b_villecrest;Villecrest;;;;;;;;;;;x
b_mitsubushi;Mitsubushi;;;;;;;;;;;x
b_axalta;Axalta;;;;;;;;;;;x
b_novum;Novum;;;;;;;;;;;x
b_challenge;Challenge;;;;;;;;;;;x
b_hurlands;Hurlands;;;;;;;;;;;x
b_town_end;Town End;;;;;;;;;;;x
b_penfold;Penfold;;;;;;;;;;;x
b_field_end;Field End;;;;;;;;;;;x
b_odyssey;Odyssey;;;;;;;;;;;x
b_pierhouse;Pierhouse;;;;;;;;;;;x
b_rochoir;Rochoir;;;;;;;;;;;x
d_lower_weybourne;Lower Weybourne;;;;;;;;;;;x
b_monkton;Monkton;;;;;;;;;;;x
b_farnham_RUFC;Farnham RUFC;;;;;;;;;;;x
b_david_lloyd;David Lloyd;;;;;;;;;;;x
b_brighthorizons;Brighthorizons;;;;;;;;;;;x
b_the_crown;The Crown;;;;;;;;;;;x
b_the_crown_pub;The Crown Pub;;;;;;;;;;;x
b_pineview;Pineview;;;;;;;;;;;x
b_orchard_cottage;Orchard Cottage;;;;;;;;;;;x
b_jennyfields;Jennyfields;;;;;;;;;;;x
b_abtrailers;Abtrailers;;;;;;;;;;;x
b_muthouse;Muthouse;;;;;;;;;;;x
b_green_lane;Green Lane;;;;;;;;;;;x
b_deglazing;Deglazing;;;;;;;;;;;x
b_atcain_tax;Atcain Tax;;;;;;;;;;;x
b_willsfarm;Willsfarm;;;;;;;;;;;x
b_sse_aldershot_depot;SSE Aldershot Depot;;;;;;;;;;;x
b_watchfield;Watchfield;;;;;;;;;;;x
b_greenwood_estate;Greenwood Estate;;;;;;;;;;;x
b_badshot_park;Badshot Park;;;;;;;;;;;x
b_park_farm;Park Farm;;;;;;;;;;;x
b_hartley;Hartley;;;;;;;;;;;x
b_shotpond;Shotpond;;;;;;;;;;;x
b_hebe;Hebe;;;;;;;;;;;x
b_rankine;Rankine;;;;;;;;;;;x
b_doggsos;Doggsos;;;;;;;;;;;x
d_badshot_lea;Badshot Lea;;;;;;;;;;;x
b_badshot_lea_village_hall;Badshot Lea Village Hall;;;;;;;;;;;x
b_the_kiln;The Kiln;;;;;;;;;;;x
b_littleacre;Littleacre;;;;;;;;;;;x
b_skylark;Skylark;;;;;;;;;;;x
b_badshot_racetrack;Badshot Racetrack;;;;;;;;;;;x
b_leapfrog;Leapfrog;;;;;;;;;;;x
b_kiln_workshops;Kiln Workshops;;;;;;;;;;;x
b_st_georges;St George's;;;;;;;;;;;x
b_badshot_infants;Badshot Infants;;;;;;;;;;;x
b_the_anders;The Anders;;;;;;;;;;;x
b_springholm;Springholm;;;;;;;;;;;x
b_reokace;Reokace;;;;;;;;;;;x
b_working_mens_club;Working Men's Club;;;;;;;;;;;x
b_tasilk;Tasilk;;;;;;;;;;;x
b_greenhouse;Greenhouse;;;;;;;;;;;x
b_beech_tree;Beech Tree;;;;;;;;;;;x
b_chapelshack;Chapelshack;;;;;;;;;;;x
b_playpark;Playpark;;;;;;;;;;;x
b_badshot_lea_tennis_club;Badshot Lea Tennis Club;;;;;;;;;;;x
b_farnlane;Farnlane;;;;;;;;;;;x
b_green_farm;Green Farm;;;;;;;;;;;x
b_antiques;Antiques;;;;;;;;;;;x
b_antiques_warehouse;Antiques Warehouse;;;;;;;;;;;x
b_badshot_farm;Badshot Farm;;;;;;;;;;;x
b_badshot_stables;Badshot Stables;;;;;;;;;;;x
b_kilnhouse;Kilnhouse;;;;;;;;;;;x
b_purkiss;Purkiss;;;;;;;;;;;x
b_equestria;Equestria;;;;;;;;;;;x
b_squires_garden_centre;Squires Garden Centre;;;;;;;;;;;x
b_broadley;Broadley;;;;;;;;;;;x
b_wellis;Wellis;;;;;;;;;;;x
b_hyrpoole;Hyrpoole;;;;;;;;;;;x
b_potteries;Potteries;;;;;;;;;;;x
b_calor;Calor;;;;;;;;;;;x
b_spamonster;Spamonster;;;;;;;;;;;x
d_preymead;Preymead;;;;;;;;;;;x
b_crossroads;Crossroads;;;;;;;;;;;x
b_the_cricketers;The Cricketers;;;;;;;;;;;x
b_militaria;Militaria;;;;;;;;;;;x
b_leaway;Leaway;;;;;;;;;;;x
b_brogans;Brogans;;;;;;;;;;;x
b_meraki;Meraki;;;;;;;;;;;x
b_badshot_chinese_kitchen;Badshot Chinese Kitchen;;;;;;;;;;;x
b_fernlea;Fernlea;;;;;;;;;;;x
b_preymead;Preymead;;;;;;;;;;;x
b_mayfield;Mayfield;;;;;;;;;;;x
b_preymead_farm;Preymead Farm;;;;;;;;;;;x
b_orchard;Orchard;;;;;;;;;;;x
b_arcus;Arcus;;;;;;;;;;;x
b_crystal;Crystal;;;;;;;;;;;x
b_oh_my_cod;Oh My Cod!;;;;;;;;;;;x
b_morland;Morland;;;;;;;;;;;x
b_litte_boxalls;Little Boxalls;;;;;;;;;;;x
b_pondsedge;Pondsedge;;;;;;;;;;;x
b_blackwater;Blackwater;;;;;;;;;;;x
b_andover_way;Andover Way;;;;;;;;;;;x
d_guildford_road;Guildford Road;;;;;;;;;;;x
b_north_runfold;North Runfold;;;;;;;;;;;x
b_valiant;Valiant;;;;;;;;;;;x
b_runfold_st_george;Runfold St George;;;;;;;;;;;x
b_1minus1;1Minus1;;;;;;;;;;;x
b_bridge_farm;Bridge Farm;;;;;;;;;;;x
b_runfold_bakery;Runfold Bakery;;;;;;;;;;;x
b_hawthorpe;Hawthorpe;;;;;;;;;;;x
b_watership;Watership;;;;;;;;;;;x
b_watership_cottage;Watership Cottage;;;;;;;;;;;x
b_fordbend;Fordbend;;;;;;;;;;;x
b_cleanfields;Cleanfields;;;;;;;;;;;x
b_box_wood;Box Wood;;;;;;;;;;;x
b_old_mill;Old Mill;;;;;;;;;;;x
b_fieldend;Fieldend;;;;;;;;;;;x
b_hurland_lodge;Hurland Lodge;;;;;;;;;;;x
b_long_barrow;Long Barrow;;;;;;;;;;;x
b_clarks_range;Clark's Range;;;;;;;;;;;x
b_longmast;Longmast;;;;;;;;;;;x
b_pastpass;Pastpass;;;;;;;;;;;x
b_crofts;Crofts;;;;;;;;;;;x
d_ticehurst;Ticehurst;;;;;;;;;;;x
b_west_farm;West Farm;;;;;;;;;;;x
b_southpit;Southpit;;;;;;;;;;;x
b_sluicefield;Sluicefield;;;;;;;;;;;x
b_community_farm;Community Farm;;;;;;;;;;;x
b_bridge_farm_stables;Bridge Farm Stables;;;;;;;;;;;x
b_tonghalming;Tonghalming;;;;;;;;;;;x
b_ticespond;Ticespond;;;;;;;;;;;x
b_ticehurst;Ticehurst;;;;;;;;;;;x
b_ticehurst_care_home;Ticehurst Care Home;;;;;;;;;;;x
b_stockbridge;Stockbridge;;;;;;;;;;;x
b_blackriver;Blackriver;;;;;;;;;;;x
b_glouster_mill;Glouster Mill;;;;;;;;;;;x
b_peters_copse;Peters Copse;;;;;;;;;;;x
b_the_meadow;The Meadow;;;;;;;;;;;x
b_peabridge;Peabridge;;;;;;;;;;;x
b_dragonfly;Dragonfly;;;;;;;;;;;x
b_rays_gap;Ray's Gap;;;;;;;;;;;x
b_lisas_wood;Lisa's Wood;;;;;;;;;;;x
b_horton;Horton;;;;;;;;;;;x
b_wheatear;Wheatear;;;;;;;;;;;x
b_selbourne;Selbourne;;;;;;;;;;;x
b_cadnam;Cadnam;;;;;;;;;;;x
b_overton;Overton;;;;;;;;;;;x
b_short_dale;Short Dale;;;;;;;;;;;x
b_lyndhurst;Lyndhurst;;;;;;;;;;;x
b_basing;Basing;;;;;;;;;;;x
k_moor_park;Moor Park;;;;;;;;;;;;x
k_moor_park_adj;Moor Park;;;;;;;;;;;;x
b_st_andrews;St Andrews;;;;;;;;;;;x
b_brough;Brough;;;;;;;;;;;x
b_brougham;Brougham;;;;;;;;;;;x
b_courtenay;Courtenay;;;;;;;;;;;x
b_st_davids;St Davids;;;;;;;;;;;x
b_embellished;Embellished;;;;;;;;;;;x
b_st_peters;St Peters;;;;;;;;;;;x
b_complete_office;Complete Office;;;;;;;;;;;x
b_amida;Amida;;;;;;;;;;;x
b_sandown;Sandown;;;;;;;;;;;x
b_glorneymead;Glorneymead;;;;;;;;;;;x
b_swiftshore;Swiftshore;;;;;;;;;;;x
b_christpond;Christpond;;;;;;;;;;;x
b_farnham_angling_society;Farnham Angling Society;;;;;;;;;;;x
b_egret;Egret;;;;;;;;;;;x
b_bittern;Bittern;;;;;;;;;;;x
b_glebe;Glebe;;;;;;;;;;;x
b_suez;Suez;;;;;;;;;;;x
b_whitchurch;Whitchurch;;;;;;;;;;;x
b_romsey;Romsey;;;;;;;;;;;x
d_weybank;Weybank;;;;;;;;;;;x
b_35_weybank_close;35 Weybank Close;;;;;;;;;;;x
b_weybank;Weybank;;;;;;;;;;;x
b_hawthorn;Hawthorn;;;;;;;;;;;x
b_wey_valley_house;Wey Valley House;;;;;;;;;;;x
b_brightwell;Brightwell;;;;;;;;;;;x
b_riverside_park;Riverside Park;;;;;;;;;;;x
b_harrison;Harrison;;;;;;;;;;;x
b_leisure_centre;Leisure Centre;;;;;;;;;;;x
b_leisure_centre_gym;Leisure Centre Gym;;;;;;;;;;;x
b_40_degreez;40 Degreez;;;;;;;;;;;x
b_kravmaga;Kravmaga;;;;;;;;;;;x
b_nam;Nam;;;;;;;;;;;x
b_goodlaw;Goodlaw;;;;;;;;;;;x
b_huxley;Huxley;;;;;;;;;;;x
b_dogflud;Dogflud;;;;;;;;;;;x
b_lidl;Lidl;;;;;;;;;;;x
b_patronus;Patronus;;;;;;;;;;;x
b_motest;Motest;;;;;;;;;;;x
b_durham_house;Durham House;;;;;;;;;;;x
b_hogroast;Hogroast;;;;;;;;;;;x
b_vale;Vale;;;;;;;;;;;x
b_riverside;Riverside;;;;;;;;;;;x
b_wolseley;Wolseley;;;;;;;;;;;x
b_riverside_st_james;Riverside St James;;;;;;;;;;;x
b_papa_johns;Papa Johns;;;;;;;;;;;x
b_lotusland;Lotusland;;;;;;;;;;;x
b_carpetright;Carpetright;;;;;;;;;;;x
b_merrowtyre;Merrowtyre;;;;;;;;;;;x
b_fire_station;Fire Station;;;;;;;;;;;x
b_enchanted_wood;Enchanted Wood;;;;;;;;;;;x
b_dollis;Dollis;;;;;;;;;;;x
b_kimber;Kimber;;;;;;;;;;;x
b_in2training;In2training;;;;;;;;;;;x
b_post19;Post19;;;;;;;;;;;x
b_bioventix;Bioventix;;;;;;;;;;;x
d_borelli;Borelli;;;;;;;;;;;x
b_borelli;Borelli;;;;;;;;;;;x
b_borelli_house;Borelli House;;;;;;;;;;;x
b_threebanks;Threebanks;;;;;;;;;;;x
b_falconbridge;Falconbridge;;;;;;;;;;;x
b_bypass;Bypass;;;;;;;;;;;x
b_westhatch;Westhatch;;;;;;;;;;;x
b_anglerhill;Anglerhill;;;;;;;;;;;x
b_g9hq;G9hq;;;;;;;;;;;x
b_drug_den;Drug Den;;;;;;;;;;;x
b_scatshrine;Scatshrine;;;;;;;;;;;x
b_syringe_bin;Syringe Bin;;;;;;;;;;;x
b_dingy_squat;Dingy Squat;;;;;;;;;;;x
b_the_hotbox;The Hotbox;;;;;;;;;;;x
b_scrapsign;Scrapsign;;;;;;;;;;;x
b_hatch_mill_house;Hatch Mill House;;;;;;;;;;;x
b_hatch_mill;Hatch Mill;;;;;;;;;;;x
b_weychurch;Weychurch;;;;;;;;;;;x
b_meander;Meander;;;;;;;;;;;x
b_roadwoods;Roadwoods;;;;;;;;;;;x
b_oldhome;Oldhome;;;;;;;;;;;x
b_bypass_way;Bypass Way;;;;;;;;;;;x
d_southview;Southview;;;;;;;;;;;x
b_woolmead;Woolmead;;;;;;;;;;;x
b_high_park;High Park;;;;;;;;;;;x
b_the_gorge;The Gorge;;;;;;;;;;;x
b_bearlane;Bearlane;;;;;;;;;;;x
b_cherrytree;Cherrytree;;;;;;;;;;;x
b_farnham_bowling_club;Farnham Bowling Club;;;;;;;;;;;x
b_lower_southview;Lower Southview;;;;;;;;;;;x
b_beaufort;Beaufort;;;;;;;;;;;x
b_wykeham;Wykeham;;;;;;;;;;;x
b_st_cross;St Cross;;;;;;;;;;;x
b_thorold;Thorold;;;;;;;;;;;x
b_shrine_museum;Shrine Museum;;;;;;;;;;;x
b_toyota;Toyota;;;;;;;;;;;x
b_upper_southview;Upper Southview;;;;;;;;;;;x
b_stoke_hills;Stoke Hills;;;;;;;;;;;x
b_sunmer;Sunmer;;;;;;;;;;;x
b_st_james_terrace;St James Terrace;;;;;;;;;;;x
b_heavens_kitchen;Heavens Kitchen;;;;;;;;;;;x
b_adamspark;Adamspark;;;;;;;;;;;x
b_winton;Winton;;;;;;;;;;;x
b_stokecircle;Stokecircle;;;;;;;;;;;x
b_stephendale;Stephendale;;;;;;;;;;;x
b_elkymay;Elkymay;;;;;;;;;;;x
b_badger;Badger;;;;;;;;;;;x
b_osborn;Osborn;;;;;;;;;;;x
b_farnham_yoga;Farnham Yoga;;;;;;;;;;;x
b_parkroad;Parkroad;;;;;;;;;;;x
b_painters;Painters;;;;;;;;;;;x
d_the_triangle;The Triangle;;;;;;;;;;;x
b_haven;Haven;;;;;;;;;;;x
b_bells_piece;Bells Piece;;;;;;;;;;;x
b_cathcart;Cathcart;;;;;;;;;;;x
b_scholarway;Scholarway;;;;;;;;;;;x
b_broomclose;Broomclose;;;;;;;;;;;x
b_regency;Regency;;;;;;;;;;;x
b_havenfield;Havenfield;;;;;;;;;;;x
b_the_lodge;The Lodge;;;;;;;;;;;x
b_hadrians;Hadrians;;;;;;;;;;;x
b_roman_way;Roman Way;;;;;;;;;;;x
b_farnham_mill;Farnham Mill;;;;;;;;;;;x
b_bourne_buildings;Bourne Buildings;;;;;;;;;;;x
b_londis;Londis;;;;;;;;;;;x
b_BP_garage;BP Garage;;;;;;;;;;;x
b_river_wey_practice;River Wey Practice;;;;;;;;;;;x
b_rowlands;Rowlands;;;;;;;;;;;x
b_antsey;Antsey;;;;;;;;;;;x
b_farnham_supermarket;Farnham Supermarket;;;;;;;;;;;x
b_allington;Allington;;;;;;;;;;;x
b_cowden;Cowden;;;;;;;;;;;x
b_westbury;Westbury;;;;;;;;;;;x
b_reserve_barracks;Reserve Barracks;;;;;;;;;;;x
b_homebase;Homebase;;;;;;;;;;;x
b_halfords;Halfords;;;;;;;;;;;x
b_beefeater;Beefeater;;;;;;;;;;;x
b_pets_at_home;Pets At Home;;;;;;;;;;;x
b_community_recycling_centre;Community Recycling Centre;;;;;;;;;;;x
b_premier_inn;Premier Inn;;;;;;;;;;;x
d_shepard_and_flock;Shepard And Flock;;;;;;;;;;;x
b_shepard_and_flock;Shepard And Flock;;;;;;;;;;;x
b_shepard_and_flock_pub;Shepard And Flock Pub;;;;;;;;;;;x
b_high_way;High Way;;;;;;;;;;;x
b_sheepfield;Sheepfield;;;;;;;;;;;x
b_flockhouses;Flockhouses;;;;;;;;;;;x
b_yellowbrick;Yellowbrick;;;;;;;;;;;x
b_freehouse;Freehouse;;;;;;;;;;;x
e_rebels;Rebels;;;;;;;;;;;x
e_pirates;Pirates;;;;;;;;;;;x
